-- MySQL dump 10.13  Distrib 5.7.28, for Linux (x86_64)
--
-- Host: localhost    Database: eladmin
-- ------------------------------------------------------
-- Server version	5.7.28-log

/*!40101 SET @OLD_CHARACTER_SET_CLIENT=@@CHARACTER_SET_CLIENT */;
/*!40101 SET @OLD_CHARACTER_SET_RESULTS=@@CHARACTER_SET_RESULTS */;
/*!40101 SET @OLD_COLLATION_CONNECTION=@@COLLATION_CONNECTION */;
/*!40101 SET NAMES utf8 */;
/*!40103 SET @OLD_TIME_ZONE=@@TIME_ZONE */;
/*!40103 SET TIME_ZONE='+00:00' */;
/*!40014 SET @OLD_UNIQUE_CHECKS=@@UNIQUE_CHECKS, UNIQUE_CHECKS=0 */;
/*!40014 SET @OLD_FOREIGN_KEY_CHECKS=@@FOREIGN_KEY_CHECKS, FOREIGN_KEY_CHECKS=0 */;
/*!40101 SET @OLD_SQL_MODE=@@SQL_MODE, SQL_MODE='NO_AUTO_VALUE_ON_ZERO' */;
/*!40111 SET @OLD_SQL_NOTES=@@SQL_NOTES, SQL_NOTES=0 */;

--
-- Table structure for table `alipay_config`
--

DROP TABLE IF EXISTS `alipay_config`;
/*!40101 SET @saved_cs_client     = @@character_set_client */;
/*!40101 SET character_set_client = utf8 */;
CREATE TABLE `alipay_config` (
  `id` bigint(20) NOT NULL AUTO_INCREMENT COMMENT '主键',
  `app_id` varchar(255) DEFAULT NULL COMMENT '应用ID',
  `charset` varchar(255) DEFAULT NULL COMMENT '编码',
  `format` varchar(255) DEFAULT NULL COMMENT '类型 固定格式json',
  `gateway_url` varchar(255) DEFAULT NULL COMMENT '网关地址',
  `notify_url` varchar(255) DEFAULT NULL COMMENT '异步回调',
  `private_key` text COMMENT '私钥',
  `public_key` text COMMENT '公钥',
  `return_url` varchar(255) DEFAULT NULL COMMENT '回调地址',
  `sign_type` varchar(255) DEFAULT NULL COMMENT '签名方式',
  `sys_service_provider_id` varchar(255) DEFAULT NULL COMMENT '商户号',
  PRIMARY KEY (`id`) USING BTREE
) ENGINE=InnoDB AUTO_INCREMENT=2 DEFAULT CHARSET=utf8 ROW_FORMAT=COMPACT;
/*!40101 SET character_set_client = @saved_cs_client */;

--
-- Dumping data for table `alipay_config`
--

LOCK TABLES `alipay_config` WRITE;
/*!40000 ALTER TABLE `alipay_config` DISABLE KEYS */;
-- insert into `alipay_config` VALUES (1,'2016091700532697','utf-8','JSON','https://openapi.alipaydev.com/gateway.do','http://api.auauz.net/api/aliPay/notify','MIIEvAIBADANBgkqhkiG9w0BAQEFAASCBKYwggSiAgEAAoIBAQC5js8sInU10AJ0cAQ8UMMyXrQ+oHZEkVt5lBwsStmTJ7YikVYgbskx1YYEXTojRsWCb+SH/kDmDU4pK/u91SJ4KFCRMF2411piYuXU/jF96zKrADznYh/zAraqT6hvAIVtQAlMHN53nx16rLzZ/8jDEkaSwT7+HvHiS+7sxSojnu/3oV7BtgISoUNstmSe8WpWHOaWv19xyS+Mce9MY4BfseFhzTICUymUQdd/8hXA28/H6osUfAgsnxAKv7Wil3aJSgaJczWuflYOve0dJ3InZkhw5Cvr0atwpk8YKBQjy5CdkoHqvkOcIB+cYHXJKzOE5tqU7inSwVbHzOLQ3XbnAgMBAAECggEAVJp5eT0Ixg1eYSqFs9568WdetUNCSUchNxDBu6wxAbhUgfRUGZuJnnAll63OCTGGck+EGkFh48JjRcBpGoeoHLL88QXlZZbC/iLrea6gcDIhuvfzzOffe1RcZtDFEj9hlotg8dQj1tS0gy9pN9g4+EBH7zeu+fyv+qb2e/v1l6FkISXUjpkD7RLQr3ykjiiEw9BpeKb7j5s7Kdx1NNIzhkcQKNqlk8JrTGDNInbDM6inZfwwIO2R1DHinwdfKWkvOTODTYa2MoAvVMFT9Bec9FbLpoWp7ogv1JMV9svgrcF9XLzANZ/OQvkbe9TV9GWYvIbxN6qwQioKCWO4GPnCAQKBgQDgW5MgfhX8yjXqoaUy/d1VjI8dHeIyw8d+OBAYwaxRSlCfyQ+tieWcR2HdTzPca0T0GkWcKZm0ei5xRURgxt4DUDLXNh26HG0qObbtLJdu/AuBUuCqgOiLqJ2f1uIbrz6OZUHns+bT/jGW2Ws8+C13zTCZkZt9CaQsrp3QOGDx5wKBgQDTul39hp3ZPwGNFeZdkGoUoViOSd5Lhowd5wYMGAEXWRLlU8z+smT5v0POz9JnIbCRchIY2FAPKRdVTICzmPk2EPJFxYTcwaNbVqL6lN7J2IlXXMiit5QbiLauo55w7plwV6LQmKm9KV7JsZs5XwqF7CEovI7GevFzyD3w+uizAQKBgC3LY1eRhOlpWOIAhpjG6qOoohmeXOphvdmMlfSHq6WYFqbWwmV4rS5d/6LNpNdL6fItXqIGd8I34jzql49taCmi+A2nlR/E559j0mvM20gjGDIYeZUz5MOE8k+K6/IcrhcgofgqZ2ZED1ksHdB/E8DNWCswZl16V1FrfvjeWSNnAoGAMrBplCrIW5xz+J0Hm9rZKrs+AkK5D4fUv8vxbK/KgxZ2KaUYbNm0xv39c+PZUYuFRCz1HDGdaSPDTE6WeWjkMQd5mS6ikl9hhpqFRkyh0d0fdGToO9yLftQKOGE/q3XUEktI1XvXF0xyPwNgUCnq0QkpHyGVZPtGFxwXiDvpvgECgYA5PoB+nY8iDiRaJNko9w0hL4AeKogwf+4TbCw+KWVEn6jhuJa4LFTdSqp89PktQaoVpwv92el/AhYjWOl/jVCm122f9b7GyoelbjMNolToDwe5pF5RnSpEuDdLy9MfE8LnE3PlbE7E5BipQ3UjSebkgNboLHH/lNZA5qvEtvbfvQ==','MIIBIjANBgkqhkiG9w0BAQEFAAOCAQ8AMIIBCgKCAQEAut9evKRuHJ/2QNfDlLwvN/S8l9hRAgPbb0u61bm4AtzaTGsLeMtScetxTWJnVvAVpMS9luhEJjt+Sbk5TNLArsgzzwARgaTKOLMT1TvWAK5EbHyI+eSrc3s7Awe1VYGwcubRFWDm16eQLv0k7iqiw+4mweHSz/wWyvBJVgwLoQ02btVtAQErCfSJCOmt0Q/oJQjj08YNRV4EKzB19+f5A+HQVAKy72dSybTzAK+3FPtTtNen/+b5wGeat7c32dhYHnGorPkPeXLtsqqUTp1su5fMfd4lElNdZaoCI7osZxWWUo17vBCZnyeXc9fk0qwD9mK6yRAxNbrY72Xx5VqIqwIDAQAB','http://api.auauz.net/api/aliPay/return','RSA2','2088102176044281');
/*!40000 ALTER TABLE `alipay_config` ENABLE KEYS */;
UNLOCK TABLES;

--
-- Table structure for table `dept`
--

DROP TABLE IF EXISTS `dept`;
/*!40101 SET @saved_cs_client     = @@character_set_client */;
/*!40101 SET character_set_client = utf8 */;
CREATE TABLE `dept` (
  `id` bigint(20) NOT NULL AUTO_INCREMENT COMMENT 'ID',
  `name` varchar(255) NOT NULL COMMENT '名称',
  `pid` bigint(20) NOT NULL COMMENT '上级部门',
  `create_time` datetime DEFAULT NULL,
  `enabled` bit(1) NOT NULL,
  PRIMARY KEY (`id`) USING BTREE
) ENGINE=InnoDB AUTO_INCREMENT=14 DEFAULT CHARSET=utf8 ROW_FORMAT=COMPACT;
/*!40101 SET character_set_client = @saved_cs_client */;

--
-- Dumping data for table `dept`
--

LOCK TABLES `dept` WRITE;
/*!40000 ALTER TABLE `dept` DISABLE KEYS */;
-- insert into `dept` VALUES (1,'eladmin',0,'2019-03-25 09:14:05',_binary ''),(2,'研发部',7,'2019-03-25 09:15:32',_binary '\0'),(5,'运维部',7,'2019-03-25 09:20:44',_binary ''),(6,'测试部',8,'2019-03-25 09:52:18',_binary ''),(7,'华南分部',1,'2019-03-25 11:04:50',_binary ''),(8,'华北分部',1,'2019-03-25 11:04:53',_binary ''),(9,'财务部',7,'2019-03-25 11:05:34',_binary ''),(10,'行政部',8,'2019-03-25 11:05:58',_binary ''),(11,'人事部',8,'2019-03-25 11:07:58',_binary ''),(13,'啊啊啊',2,'2019-10-24 22:03:50',_binary '');
/*!40000 ALTER TABLE `dept` ENABLE KEYS */;
UNLOCK TABLES;

--
-- Table structure for table `dict`
--

DROP TABLE IF EXISTS `dict`;
/*!40101 SET @saved_cs_client     = @@character_set_client */;
/*!40101 SET character_set_client = utf8 */;
CREATE TABLE `dict` (
  `id` bigint(11) NOT NULL AUTO_INCREMENT,
  `name` varchar(255) NOT NULL COMMENT '字典名称',
  `remark` varchar(255) DEFAULT NULL COMMENT '描述',
  PRIMARY KEY (`id`) USING BTREE
) ENGINE=InnoDB AUTO_INCREMENT=8 DEFAULT CHARSET=utf8 ROW_FORMAT=COMPACT;
/*!40101 SET character_set_client = @saved_cs_client */;

--
-- Dumping data for table `dict`
--

LOCK TABLES `dict` WRITE;
/*!40000 ALTER TABLE `dict` DISABLE KEYS */;
-- insert into `dict` VALUES (1,'user_status','用户状态'),(4,'dept_status','部门状态'),(5,'job_status','岗位状态1');
/*!40000 ALTER TABLE `dict` ENABLE KEYS */;
UNLOCK TABLES;

--
-- Table structure for table `dict_detail`
--

DROP TABLE IF EXISTS `dict_detail`;
/*!40101 SET @saved_cs_client     = @@character_set_client */;
/*!40101 SET character_set_client = utf8 */;
CREATE TABLE `dict_detail` (
  `id` bigint(11) NOT NULL AUTO_INCREMENT,
  `label` varchar(255) NOT NULL COMMENT '字典标签',
  `value` varchar(255) NOT NULL COMMENT '字典值',
  `sort` varchar(255) DEFAULT NULL COMMENT '排序',
  `dict_id` bigint(11) DEFAULT NULL COMMENT '字典id',
  PRIMARY KEY (`id`) USING BTREE,
  KEY `FK5tpkputc6d9nboxojdbgnpmyb` (`dict_id`) USING BTREE,
  CONSTRAINT `FK5tpkputc6d9nboxojdbgnpmyb` FOREIGN KEY (`dict_id`) REFERENCES `dict` (`id`)
) ENGINE=InnoDB AUTO_INCREMENT=18 DEFAULT CHARSET=utf8 ROW_FORMAT=COMPACT;
/*!40101 SET character_set_client = @saved_cs_client */;

--
-- Dumping data for table `dict_detail`
--

LOCK TABLES `dict_detail` WRITE;
/*!40000 ALTER TABLE `dict_detail` DISABLE KEYS */;
-- insert into `dict_detail` VALUES (1,'激活','true','1',1),(2,'锁定','false','2',1),(12,'停用','false','2',4),(13,'正常','true','1',5),(14,'停用','false','2',5),(17,'111','','999',4);
/*!40000 ALTER TABLE `dict_detail` ENABLE KEYS */;
UNLOCK TABLES;

--
-- Table structure for table `email_config`
--

DROP TABLE IF EXISTS `email_config`;
/*!40101 SET @saved_cs_client     = @@character_set_client */;
/*!40101 SET character_set_client = utf8 */;
CREATE TABLE `email_config` (
  `id` bigint(20) NOT NULL AUTO_INCREMENT COMMENT 'ID',
  `from_user` varchar(255) DEFAULT NULL COMMENT '收件人',
  `host` varchar(255) DEFAULT NULL COMMENT '邮件服务器SMTP地址',
  `pass` varchar(255) DEFAULT NULL COMMENT '密码',
  `port` varchar(255) DEFAULT NULL COMMENT '端口',
  `user` varchar(255) DEFAULT NULL COMMENT '发件者用户名',
  PRIMARY KEY (`id`) USING BTREE
) ENGINE=InnoDB AUTO_INCREMENT=2 DEFAULT CHARSET=utf8 ROW_FORMAT=COMPACT;
/*!40101 SET character_set_client = @saved_cs_client */;

--
-- Dumping data for table `email_config`
--

LOCK TABLES `email_config` WRITE;
/*!40000 ALTER TABLE `email_config` DISABLE KEYS */;
-- insert into `email_config` VALUES (1,'eladmin@shenjiahuan.com','smtp.mxhichina.com','0F619E861D2D73F906FF3C441B18C720','465','eladmin');
/*!40000 ALTER TABLE `email_config` ENABLE KEYS */;
UNLOCK TABLES;

--
-- Table structure for table `gen_config`
--

DROP TABLE IF EXISTS `gen_config`;
/*!40101 SET @saved_cs_client     = @@character_set_client */;
/*!40101 SET character_set_client = utf8 */;
CREATE TABLE `gen_config` (
  `id` bigint(20) NOT NULL AUTO_INCREMENT COMMENT 'ID',
  `author` varchar(255) DEFAULT NULL COMMENT '作者',
  `cover` bit(1) DEFAULT NULL COMMENT '是否覆盖',
  `module_name` varchar(255) DEFAULT NULL COMMENT '模块名称',
  `pack` varchar(255) DEFAULT NULL COMMENT '至于哪个包下',
  `path` varchar(255) DEFAULT NULL COMMENT '前端代码生成的路径',
  `api_path` varchar(255) DEFAULT NULL,
  `prefix` varchar(255) DEFAULT NULL,
  PRIMARY KEY (`id`) USING BTREE
) ENGINE=InnoDB AUTO_INCREMENT=2 DEFAULT CHARSET=utf8 ROW_FORMAT=COMPACT;
/*!40101 SET character_set_client = @saved_cs_client */;

--
-- Dumping data for table `gen_config`
--

LOCK TABLES `gen_config` WRITE;
/*!40000 ALTER TABLE `gen_config` DISABLE KEYS */;
-- insert into `gen_config` VALUES (1,'Zheng Jie111',_binary '\0','eladmin-system','me.zhengjie.test','E:\\workspace\\me\\front\\eladmin-qt\\src\\views\\test1111','E:\\workspace\\me\\front\\eladmin-qt\\src\\views\\test1111/',NULL);
/*!40000 ALTER TABLE `gen_config` ENABLE KEYS */;
UNLOCK TABLES;

--
-- Table structure for table `job`
--

DROP TABLE IF EXISTS `job`;
/*!40101 SET @saved_cs_client     = @@character_set_client */;
/*!40101 SET character_set_client = utf8 */;
CREATE TABLE `job` (
  `id` bigint(20) NOT NULL AUTO_INCREMENT,
  `name` varchar(255) NOT NULL,
  `enabled` bit(1) NOT NULL,
  `create_time` datetime DEFAULT NULL,
  `sort` bigint(20) NOT NULL,
  `dept_id` bigint(20) DEFAULT NULL,
  PRIMARY KEY (`id`) USING BTREE,
  KEY `FKmvhj0rogastlctflsxf1d6k3i` (`dept_id`) USING BTREE,
  CONSTRAINT `FKmvhj0rogastlctflsxf1d6k3i` FOREIGN KEY (`dept_id`) REFERENCES `dept` (`id`)
) ENGINE=InnoDB AUTO_INCREMENT=21 DEFAULT CHARSET=utf8 ROW_FORMAT=COMPACT;
/*!40101 SET character_set_client = @saved_cs_client */;

--
-- Dumping data for table `job`
--

LOCK TABLES `job` WRITE;
/*!40000 ALTER TABLE `job` DISABLE KEYS */;
-- insert into `job` VALUES (2,'董事长秘书',_binary '','2019-03-29 14:01:30',0,1),(8,'人事专员',_binary '','2019-03-29 14:52:28',3,11),(11,'全栈开发',_binary '','2019-03-31 13:39:30',6,2),(12,'软件测试',_binary '','2019-03-31 13:39:43',5,2),(19,'董事长',_binary '','2019-03-31 14:58:15',1,1),(20,'1111',_binary '','2019-10-24 22:48:15',999,1);
/*!40000 ALTER TABLE `job` ENABLE KEYS */;
UNLOCK TABLES;

--
-- Table structure for table `local_storage`
--

DROP TABLE IF EXISTS `local_storage`;
/*!40101 SET @saved_cs_client     = @@character_set_client */;
/*!40101 SET character_set_client = utf8 */;
CREATE TABLE `local_storage` (
  `id` bigint(20) NOT NULL AUTO_INCREMENT,
  `real_name` varchar(255) DEFAULT NULL,
  `name` varchar(255) DEFAULT NULL COMMENT '文件名',
  `suffix` varchar(255) DEFAULT NULL COMMENT '后缀',
  `path` varchar(255) DEFAULT NULL COMMENT '路径',
  `type` varchar(255) DEFAULT NULL COMMENT '类型',
  `size` varchar(100) DEFAULT NULL COMMENT '大小',
  `operate` varchar(255) DEFAULT NULL COMMENT '操作人',
  `create_time` datetime DEFAULT NULL COMMENT '创建日期',
  `update_time` datetime DEFAULT NULL COMMENT '修改日期',
  PRIMARY KEY (`id`) USING BTREE
) ENGINE=InnoDB AUTO_INCREMENT=20 DEFAULT CHARSET=utf8 ROW_FORMAT=COMPACT;
/*!40101 SET character_set_client = @saved_cs_client */;

--
-- Dumping data for table `local_storage`
--

LOCK TABLES `local_storage` WRITE;
/*!40000 ALTER TABLE `local_storage` DISABLE KEYS */;
/*!40000 ALTER TABLE `local_storage` ENABLE KEYS */;
UNLOCK TABLES;

--
-- Table structure for table `log`
--

DROP TABLE IF EXISTS `log`;
/*!40101 SET @saved_cs_client     = @@character_set_client */;
/*!40101 SET character_set_client = utf8 */;
CREATE TABLE `log` (
  `id` bigint(20) NOT NULL AUTO_INCREMENT,
  `create_time` datetime DEFAULT NULL,
  `description` varchar(255) DEFAULT NULL,
  `exception_detail` text,
  `log_type` varchar(255) DEFAULT NULL,
  `method` varchar(255) DEFAULT NULL,
  `params` text,
  `request_ip` varchar(255) DEFAULT NULL,
  `time` bigint(20) DEFAULT NULL,
  `username` varchar(255) DEFAULT NULL,
  `address` varchar(255) DEFAULT NULL,
  PRIMARY KEY (`id`) USING BTREE
) ENGINE=InnoDB AUTO_INCREMENT=14440 DEFAULT CHARSET=utf8 ROW_FORMAT=COMPACT;
/*!40101 SET character_set_client = @saved_cs_client */;

--
-- Dumping data for table `log`
--

LOCK TABLES `log` WRITE;
/*!40000 ALTER TABLE `log` DISABLE KEYS */;
-- INSERT INTO `log` VALUES (14269,'2019-10-24 21:50:21','用户登录',NULL,'INFO','me.zhengjie.modules.security.rest.AuthenticationController.login()','{ authorizationUser: {username=admin, password= ******} }','127.0.0.1',249,'admin','内网IP'),(14270,'2019-10-24 21:50:32','查询用户',NULL,'INFO','me.zhengjie.modules.system.rest.UserController.getUsers()','{ criteria: UserQueryCriteria(id=null, deptIds=[], blurry=null, enabled=null, deptId=null) pageable: Page request [number: 0, size 10, sort: id: DESC] }','127.0.0.1',23,'admin','内网IP'),(14271,'2019-10-24 21:50:32','查询字典详情',NULL,'INFO','me.zhengjie.modules.system.rest.DictDetailController.getDictDetails()','{ criteria: DictDetailQueryCriteria(label=null, dictName=user_status) pageable: Page request [number: 0, size 2000, sort: sort: ASC] }','127.0.0.1',8,'admin','内网IP'),(14272,'2019-10-24 21:50:31','查询部门',NULL,'INFO','me.zhengjie.modules.system.rest.DeptController.getDepts()','{ criteria: DeptQueryCriteria(ids=[], name=null, enabled=null, pid=null) }','127.0.0.1',30,'admin','内网IP'),(14273,'2019-10-24 21:52:06','查询部门',NULL,'INFO','me.zhengjie.modules.system.rest.DeptController.getDepts()','{ criteria: DeptQueryCriteria(ids=[], name=h, enabled=null, pid=null) }','127.0.0.1',3407,'admin','内网IP'),(14274,'2019-10-24 21:52:13','查询部门',NULL,'INFO','me.zhengjie.modules.system.rest.DeptController.getDepts()','{ criteria: DeptQueryCriteria(ids=[], name=hu, enabled=null, pid=null) }','127.0.0.1',3578,'admin','内网IP'),(14275,'2019-10-24 21:52:21','查询部门',NULL,'INFO','me.zhengjie.modules.system.rest.DeptController.getDepts()','{ criteria: DeptQueryCriteria(ids=[], name=null, enabled=null, pid=null) }','127.0.0.1',20,'admin','内网IP'),(14276,'2019-10-24 21:52:21','查询部门',NULL,'INFO','me.zhengjie.modules.system.rest.DeptController.getDepts()','{ criteria: DeptQueryCriteria(ids=[], name=华南, enabled=null, pid=null) }','127.0.0.1',4,'admin','内网IP'),(14277,'2019-10-24 21:52:21','查询部门',NULL,'INFO','me.zhengjie.modules.system.rest.DeptController.getDepts()','{ criteria: DeptQueryCriteria(ids=[], name=hu, enabled=null, pid=null) }','127.0.0.1',3,'admin','内网IP'),(14278,'2019-10-24 21:52:21','查询用户',NULL,'INFO','me.zhengjie.modules.system.rest.UserController.getUsers()','{ criteria: UserQueryCriteria(id=null, deptIds=[], blurry=null, enabled=null, deptId=null) pageable: Page request [number: 0, size 10, sort: id: DESC] }','127.0.0.1',3,'admin','内网IP'),(14279,'2019-10-24 21:52:21','查询部门',NULL,'INFO','me.zhengjie.modules.system.rest.DeptController.getDepts()','{ criteria: DeptQueryCriteria(ids=[], name=h, enabled=null, pid=null) }','127.0.0.1',4,'admin','内网IP'),(14280,'2019-10-24 21:52:22','查询部门',NULL,'INFO','me.zhengjie.modules.system.rest.DeptController.getDepts()','{ criteria: DeptQueryCriteria(ids=[], name=hua, enabled=null, pid=null) }','127.0.0.1',3571,'admin','内网IP'),(14281,'2019-10-24 21:52:37','查询部门',NULL,'INFO','me.zhengjie.modules.system.rest.DeptController.getDepts()','{ criteria: DeptQueryCriteria(ids=[], name=null, enabled=null, pid=null) }','127.0.0.1',6,'admin','内网IP'),(14282,'2019-10-24 21:52:48','查询用户',NULL,'INFO','me.zhengjie.modules.system.rest.UserController.getUsers()','{ criteria: UserQueryCriteria(id=null, deptIds=[2], blurry=null, enabled=null, deptId=2) pageable: Page request [number: 0, size 10, sort: id: DESC] }','127.0.0.1',6961,'admin','内网IP'),(14283,'2019-10-24 21:53:02','查询部门',NULL,'INFO','me.zhengjie.modules.system.rest.DeptController.getDepts()','{ criteria: DeptQueryCriteria(ids=[], name=null, enabled=true, pid=null) }','127.0.0.1',6684,'admin','内网IP'),(14284,'2019-10-24 21:53:05','查询岗位',NULL,'INFO','me.zhengjie.modules.system.rest.JobController.getJobs()','{ criteria: JobQueryCriteria(name=null, enabled=null, deptId=2, deptIds=[]) pageable: Page request [number: 0, size 2000, sort: UNSORTED] }','127.0.0.1',263,'admin','内网IP'),(14285,'2019-10-24 21:53:16','修改用户',NULL,'INFO','me.zhengjie.modules.system.rest.UserController.update()','{ resources: User{id=3, username=\'test\', email=\'test@eladmin.net\', enabled=false, password=\'null\', createTime=null, lastPasswordResetTime=null} }','127.0.0.1',7216,'admin','内网IP'),(14286,'2019-10-24 21:53:24','查询用户',NULL,'INFO','me.zhengjie.modules.system.rest.UserController.getUsers()','{ criteria: UserQueryCriteria(id=null, deptIds=[2], blurry=null, enabled=null, deptId=2) pageable: Page request [number: 0, size 10, sort: id: DESC] }','127.0.0.1',3608,'admin','内网IP'),(14287,'2019-10-24 21:53:49','删除用户',NULL,'INFO','me.zhengjie.modules.system.rest.UserController.delete()','{ id: 3 }','127.0.0.1',7147,'admin','内网IP'),(14288,'2019-10-24 21:53:56','查询用户',NULL,'INFO','me.zhengjie.modules.system.rest.UserController.getUsers()','{ criteria: UserQueryCriteria(id=null, deptIds=[2], blurry=null, enabled=null, deptId=2) pageable: Page request [number: 0, size 10, sort: id: DESC] }','127.0.0.1',3598,'admin','内网IP'),(14289,'2019-10-24 21:54:05','查询用户',NULL,'INFO','me.zhengjie.modules.system.rest.UserController.getUsers()','{ criteria: UserQueryCriteria(id=null, deptIds=[2], blurry=null, enabled=true, deptId=2) pageable: Page request [number: 0, size 10, sort: id: DESC] }','127.0.0.1',3587,'admin','内网IP'),(14290,'2019-10-24 21:54:09','查询部门',NULL,'INFO','me.zhengjie.modules.system.rest.DeptController.getDepts()','{ criteria: DeptQueryCriteria(ids=[], name=null, enabled=true, pid=null) }','127.0.0.1',3,'admin','内网IP'),(14291,'2019-10-24 21:54:35','查询岗位',NULL,'INFO','me.zhengjie.modules.system.rest.JobController.getJobs()','{ criteria: JobQueryCriteria(name=null, enabled=null, deptId=1, deptIds=[]) pageable: Page request [number: 0, size 2000, sort: UNSORTED] }','127.0.0.1',451,'admin','内网IP'),(14292,'2019-10-24 21:54:51','新增用户',NULL,'INFO','me.zhengjie.modules.system.rest.UserController.create()','{ resources: User{id=6, username=\'111\', email=\'test@test.com\', enabled=true, password=\'e10adc3949ba59abbe56e057f20f883e\', createTime=2019-10-24 21:54:45.823, lastPasswordResetTime=null} }','127.0.0.1',7213,'admin','内网IP'),(14293,'2019-10-24 21:54:57','查询用户',NULL,'INFO','me.zhengjie.modules.system.rest.UserController.getUsers()','{ criteria: UserQueryCriteria(id=null, deptIds=[2], blurry=null, enabled=true, deptId=2) pageable: Page request [number: 0, size 10, sort: id: DESC] }','127.0.0.1',3379,'admin','内网IP'),(14294,'2019-10-24 21:55:05','导出用户数据',NULL,'INFO','me.zhengjie.modules.system.rest.UserController.update()','{ response: com.alibaba.druid.support.http.WebStatFilter$StatHttpServletResponseWrapper@42a9822a criteria: UserQueryCriteria(id=null, deptIds=null, blurry=null, enabled=null, deptId=null) }','127.0.0.1',4127,'admin','内网IP'),(14295,'2019-10-24 21:55:14','查询角色',NULL,'INFO','me.zhengjie.modules.system.rest.RoleController.getRoles()','{ criteria: RoleQueryCriteria(blurry=null) pageable: Page request [number: 0, size 10, sort: level: ASC] }','127.0.0.1',3,'admin','内网IP'),(14296,'2019-10-24 21:55:33','修改角色',NULL,'INFO','me.zhengjie.modules.system.rest.RoleController.update()','{ resources: Role{id=1, name=\'超级管理员\', remark=\'·\', createDateTime=null} }','127.0.0.1',3405,'admin','内网IP'),(14297,'2019-10-24 21:55:39','查询角色',NULL,'INFO','me.zhengjie.modules.system.rest.RoleController.getRoles()','{ criteria: RoleQueryCriteria(blurry=null) pageable: Page request [number: 0, size 10, sort: level: ASC] }','127.0.0.1',3490,'admin','内网IP'),(14298,'2019-10-24 21:55:55','查询角色',NULL,'INFO','me.zhengjie.modules.system.rest.RoleController.getRoles()','{ criteria: RoleQueryCriteria(blurry=通) pageable: Page request [number: 0, size 10, sort: level: ASC] }','127.0.0.1',3299,'admin','内网IP'),(14299,'2019-10-24 21:56:07','新增角色',NULL,'INFO','me.zhengjie.modules.system.rest.RoleController.create()','{ resources: Role{id=5, name=\'111111\', remark=\'\', createDateTime=2019-10-24 21:56:03.639} }','127.0.0.1',3381,'admin','内网IP'),(14300,'2019-10-24 21:58:10','查询部门',NULL,'INFO','me.zhengjie.modules.system.rest.DeptController.getDepts()','{ criteria: DeptQueryCriteria(ids=[], name=null, enabled=true, pid=null) }','127.0.0.1',3459,'admin','内网IP'),(14301,'2019-10-24 21:58:26','查询部门',NULL,'INFO','me.zhengjie.modules.system.rest.DeptController.getDepts()','{ criteria: DeptQueryCriteria(ids=[], name=null, enabled=true, pid=null) }','127.0.0.1',10,'admin','内网IP'),(14302,'2019-10-24 21:58:31','修改角色',NULL,'INFO','me.zhengjie.modules.system.rest.RoleController.update()','{ resources: Role{id=4, name=\'普通管理员\', remark=\'普通管理员级别为2，使用该角色新增用户时只能赋予比普通管理员级别低的角色\', createDateTime=null} }','127.0.0.1',3663,'admin','内网IP'),(14303,'2019-10-24 21:58:41','查询角色',NULL,'INFO','me.zhengjie.modules.system.rest.RoleController.getRoles()','{ criteria: RoleQueryCriteria(blurry=通) pageable: Page request [number: 0, size 10, sort: level: ASC] }','127.0.0.1',3528,'admin','内网IP'),(14304,'2019-10-24 21:58:45','查询权限',NULL,'INFO','me.zhengjie.modules.system.rest.PermissionController.getPermissions()','{ criteria: PermissionQueryCriteria(blurry=null) }','127.0.0.1',25,'admin','内网IP'),(14305,'2019-10-24 21:59:06','修改权限',NULL,'INFO','me.zhengjie.modules.system.rest.PermissionController.update()','{ resources: Permission{id=6, name=\'USER_DELETE1\', pid=2, alias=\'用户删除\', createTime=null} }','127.0.0.1',3392,'admin','内网IP'),(14306,'2019-10-24 21:59:12','查询权限',NULL,'INFO','me.zhengjie.modules.system.rest.PermissionController.getPermissions()','{ criteria: PermissionQueryCriteria(blurry=null) }','127.0.0.1',3269,'admin','内网IP'),(14307,'2019-10-24 21:59:31','删除权限',NULL,'INFO','me.zhengjie.modules.system.rest.PermissionController.delete()','{ id: 6 }','127.0.0.1',13719,'admin','内网IP'),(14308,'2019-10-24 21:59:43','查询权限',NULL,'INFO','me.zhengjie.modules.system.rest.PermissionController.getPermissions()','{ criteria: PermissionQueryCriteria(blurry=null) }','127.0.0.1',3277,'admin','内网IP'),(14309,'2019-10-24 22:00:00','查询权限',NULL,'INFO','me.zhengjie.modules.system.rest.PermissionController.getPermissions()','{ criteria: PermissionQueryCriteria(blurry=USER) }','127.0.0.1',3443,'admin','内网IP'),(14310,'2019-10-24 22:00:42','新增权限',NULL,'INFO','me.zhengjie.modules.system.rest.PermissionController.create()','{ resources: Permission{id=60, name=\'???\', pid=13, alias=\'555\', createTime=2019-10-24 22:00:40.123} }','127.0.0.1',3409,'admin','内网IP'),(14311,'2019-10-24 22:00:46','查询权限',NULL,'INFO','me.zhengjie.modules.system.rest.PermissionController.getPermissions()','{ criteria: PermissionQueryCriteria(blurry=null) }','127.0.0.1',4072,'admin','内网IP'),(14312,'2019-10-24 22:01:12','查询菜单',NULL,'INFO','me.zhengjie.modules.system.rest.MenuController.getMenus()','{ criteria: MenuQueryCriteria(blurry=null) }','127.0.0.1',14,'admin','内网IP'),(14313,'2019-10-24 22:01:25','修改菜单',NULL,'INFO','me.zhengjie.modules.system.rest.MenuController.update()','{ resources: me.zhengjie.modules.system.domain.Menu@21 }','127.0.0.1',3406,'admin','内网IP'),(14314,'2019-10-24 22:01:28','查询菜单',NULL,'INFO','me.zhengjie.modules.system.rest.MenuController.getMenus()','{ criteria: MenuQueryCriteria(blurry=null) }','127.0.0.1',4043,'admin','内网IP'),(14315,'2019-10-24 22:01:43','修改菜单',NULL,'INFO','me.zhengjie.modules.system.rest.MenuController.update()','{ resources: me.zhengjie.modules.system.domain.Menu@21 }','127.0.0.1',3440,'admin','内网IP'),(14316,'2019-10-24 22:01:46','查询菜单',NULL,'INFO','me.zhengjie.modules.system.rest.MenuController.getMenus()','{ criteria: MenuQueryCriteria(blurry=null) }','127.0.0.1',4058,'admin','内网IP'),(14317,'2019-10-24 22:02:00','删除菜单',NULL,'INFO','me.zhengjie.modules.system.rest.MenuController.delete()','{ id: 33 }','127.0.0.1',7615,'admin','内网IP'),(14318,'2019-10-24 22:02:07','查询菜单',NULL,'INFO','me.zhengjie.modules.system.rest.MenuController.getMenus()','{ criteria: MenuQueryCriteria(blurry=null) }','127.0.0.1',3425,'admin','内网IP'),(14319,'2019-10-24 22:02:26','新增菜单',NULL,'INFO','me.zhengjie.modules.system.rest.MenuController.create()','{ resources: me.zhengjie.modules.system.domain.Menu@47 }','127.0.0.1',3415,'admin','内网IP'),(14320,'2019-10-24 22:02:29','查询菜单',NULL,'INFO','me.zhengjie.modules.system.rest.MenuController.getMenus()','{ criteria: MenuQueryCriteria(blurry=null) }','127.0.0.1',4069,'admin','内网IP'),(14321,'2019-10-24 22:02:36','查询字典详情',NULL,'INFO','me.zhengjie.modules.system.rest.DictDetailController.getDictDetails()','{ criteria: DictDetailQueryCriteria(label=null, dictName=dept_status) pageable: Page request [number: 0, size 2000, sort: sort: ASC] }','127.0.0.1',3635,'admin','内网IP'),(14322,'2019-10-24 22:02:40','查询部门',NULL,'INFO','me.zhengjie.modules.system.rest.DeptController.getDepts()','{ criteria: DeptQueryCriteria(ids=[], name=null, enabled=null, pid=null) }','127.0.0.1',233,'admin','内网IP'),(14323,'2019-10-24 22:02:43','查询部门',NULL,'INFO','me.zhengjie.modules.system.rest.DeptController.getDepts()','{ criteria: DeptQueryCriteria(ids=[], name=null, enabled=true, pid=null) }','127.0.0.1',5,'admin','内网IP'),(14324,'2019-10-24 22:02:51','修改部门',NULL,'INFO','me.zhengjie.modules.system.rest.DeptController.update()','{ resources: Dept(id=2, name=研发部, enabled=false, pid=7, roles=null, createTime=2019-03-25 09:15:32.0) }','127.0.0.1',3405,'admin','内网IP'),(14325,'2019-10-24 22:02:57','查询部门',NULL,'INFO','me.zhengjie.modules.system.rest.DeptController.getDepts()','{ criteria: DeptQueryCriteria(ids=[], name=null, enabled=null, pid=null) }','127.0.0.1',7502,'admin','内网IP'),(14326,'2019-10-24 22:03:04','删除部门','me.zhengjie.exception.BadRequestException: 该部门存在岗位或者角色关联，请取消关联后再试\n	at me.zhengjie.utils.ThrowableUtil.throwForeignKeyException(ThrowableUtil.java:38)\n	at me.zhengjie.modules.system.rest.DeptController.delete(DeptController.java:70)\n	at me.zhengjie.modules.system.rest.DeptController$$FastClassBySpringCGLIB$$9f3dcd45.invoke(<generated>)\n	at org.springframework.cglib.proxy.MethodProxy.invoke(MethodProxy.java:218)\n	at org.springframework.aop.framework.CglibAopProxy$CglibMethodInvocation.invokeJoinpoint(CglibAopProxy.java:746)\n	at org.springframework.aop.framework.ReflectiveMethodInvocation.proceed(ReflectiveMethodInvocation.java:163)\n	at org.springframework.aop.aspectj.MethodInvocationProceedingJoinPoint.proceed(MethodInvocationProceedingJoinPoint.java:88)\n	at me.zhengjie.aspect.LogAspect.logAround(LogAspect.java:53)\n	at sun.reflect.GeneratedMethodAccessor270.invoke(Unknown Source)\n	at sun.reflect.DelegatingMethodAccessorImpl.invoke(DelegatingMethodAccessorImpl.java:43)\n	at java.lang.reflect.Method.invoke(Method.java:498)\n	at org.springframework.aop.aspectj.AbstractAspectJAdvice.invokeAdviceMethodWithGivenArgs(AbstractAspectJAdvice.java:644)\n	at org.springframework.aop.aspectj.AbstractAspectJAdvice.invokeAdviceMethod(AbstractAspectJAdvice.java:633)\n	at org.springframework.aop.aspectj.AspectJAroundAdvice.invoke(AspectJAroundAdvice.java:70)\n	at org.springframework.aop.framework.ReflectiveMethodInvocation.proceed(ReflectiveMethodInvocation.java:175)\n	at org.springframework.aop.aspectj.AspectJAfterThrowingAdvice.invoke(AspectJAfterThrowingAdvice.java:62)\n	at org.springframework.aop.framework.ReflectiveMethodInvocation.proceed(ReflectiveMethodInvocation.java:175)\n	at org.springframework.security.access.intercept.aopalliance.MethodSecurityInterceptor.invoke(MethodSecurityInterceptor.java:69)\n	at org.springframework.aop.framework.ReflectiveMethodInvocation.proceed(ReflectiveMethodInvocation.java:186)\n	at org.springframework.aop.interceptor.ExposeInvocationInterceptor.invoke(ExposeInvocationInterceptor.java:93)\n	at org.springframework.aop.framework.ReflectiveMethodInvocation.proceed(ReflectiveMethodInvocation.java:186)\n	at org.springframework.aop.framework.CglibAopProxy$DynamicAdvisedInterceptor.intercept(CglibAopProxy.java:688)\n	at me.zhengjie.modules.system.rest.DeptController$$EnhancerBySpringCGLIB$$7cd46bf0.delete(<generated>)\n	at sun.reflect.NativeMethodAccessorImpl.invoke0(Native Method)\n	at sun.reflect.NativeMethodAccessorImpl.invoke(NativeMethodAccessorImpl.java:62)\n	at sun.reflect.DelegatingMethodAccessorImpl.invoke(DelegatingMethodAccessorImpl.java:43)\n	at java.lang.reflect.Method.invoke(Method.java:498)\n	at org.springframework.web.method.support.InvocableHandlerMethod.doInvoke(InvocableHandlerMethod.java:215)\n	at org.springframework.web.method.support.InvocableHandlerMethod.invokeForRequest(InvocableHandlerMethod.java:142)\n	at org.springframework.web.servlet.mvc.method.annotation.ServletInvocableHandlerMethod.invokeAndHandle(ServletInvocableHandlerMethod.java:102)\n	at org.springframework.web.servlet.mvc.method.annotation.RequestMappingHandlerAdapter.invokeHandlerMethod(RequestMappingHandlerAdapter.java:895)\n	at org.springframework.web.servlet.mvc.method.annotation.RequestMappingHandlerAdapter.handleInternal(RequestMappingHandlerAdapter.java:800)\n	at org.springframework.web.servlet.mvc.method.AbstractHandlerMethodAdapter.handle(AbstractHandlerMethodAdapter.java:87)\n	at org.springframework.web.servlet.DispatcherServlet.doDispatch(DispatcherServlet.java:1038)\n	at org.springframework.web.servlet.DispatcherServlet.doService(DispatcherServlet.java:942)\n	at org.springframework.web.servlet.FrameworkServlet.processRequest(FrameworkServlet.java:998)\n	at org.springframework.web.servlet.FrameworkServlet.doDelete(FrameworkServlet.java:923)\n	at javax.servlet.http.HttpServlet.service(HttpServlet.java:666)\n	at org.springframework.web.servlet.FrameworkServlet.service(FrameworkServlet.java:875)\n	at javax.servlet.http.HttpServlet.service(HttpServlet.java:741)\n	at org.apache.catalina.core.ApplicationFilterChain.internalDoFilter(ApplicationFilterChain.java:231)\n	at org.apache.catalina.core.ApplicationFilterChain.doFilter(ApplicationFilterChain.java:166)\n	at org.apache.tomcat.websocket.server.WsFilter.doFilter(WsFilter.java:53)\n	at org.apache.catalina.core.ApplicationFilterChain.internalDoFilter(ApplicationFilterChain.java:193)\n	at org.apache.catalina.core.ApplicationFilterChain.doFilter(ApplicationFilterChain.java:166)\n	at org.springframework.web.filter.OncePerRequestFilter.doFilter(OncePerRequestFilter.java:101)\n	at org.apache.catalina.core.ApplicationFilterChain.internalDoFilter(ApplicationFilterChain.java:193)\n	at org.apache.catalina.core.ApplicationFilterChain.doFilter(ApplicationFilterChain.java:166)\n	at com.alibaba.druid.support.http.WebStatFilter.doFilter(WebStatFilter.java:123)\n	at org.apache.catalina.core.ApplicationFilterChain.internalDoFilter(ApplicationFilterChain.java:193)\n	at org.apache.catalina.core.ApplicationFilterChain.doFilter(ApplicationFilterChain.java:166)\n	at org.springframework.security.web.FilterChainProxy$VirtualFilterChain.doFilter(FilterChainProxy.java:320)\n	at org.springframework.security.web.access.intercept.FilterSecurityInterceptor.invoke(FilterSecurityInterceptor.java:127)\n	at org.springframework.security.web.access.intercept.FilterSecurityInterceptor.doFilter(FilterSecurityInterceptor.java:91)\n	at org.springframework.security.web.FilterChainProxy$VirtualFilterChain.doFilter(FilterChainProxy.java:334)\n	at org.springframework.security.web.access.ExceptionTranslationFilter.doFilter(ExceptionTranslationFilter.java:119)\n	at org.springframework.security.web.FilterChainProxy$VirtualFilterChain.doFilter(FilterChainProxy.java:334)\n	at org.springframework.security.web.session.SessionManagementFilter.doFilter(SessionManagementFilter.java:137)\n	at org.springframework.security.web.FilterChainProxy$VirtualFilterChain.doFilter(FilterChainProxy.java:334)\n	at org.springframework.security.web.authentication.AnonymousAuthenticationFilter.doFilter(AnonymousAuthenticationFilter.java:111)\n	at org.springframework.security.web.FilterChainProxy$VirtualFilterChain.doFilter(FilterChainProxy.java:334)\n	at org.springframework.security.web.servletapi.SecurityContextHolderAwareRequestFilter.doFilter(SecurityContextHolderAwareRequestFilter.java:170)\n	at org.springframework.security.web.FilterChainProxy$VirtualFilterChain.doFilter(FilterChainProxy.java:334)\n	at org.springframework.security.web.savedrequest.RequestCacheAwareFilter.doFilter(RequestCacheAwareFilter.java:63)\n	at org.springframework.security.web.FilterChainProxy$VirtualFilterChain.doFilter(FilterChainProxy.java:334)\n	at me.zhengjie.modules.security.security.JwtAuthorizationTokenFilter.doFilterInternal(JwtAuthorizationTokenFilter.java:65)\n	at org.springframework.web.filter.OncePerRequestFilter.doFilter(OncePerRequestFilter.java:107)\n	at org.springframework.security.web.FilterChainProxy$VirtualFilterChain.doFilter(FilterChainProxy.java:334)\n	at org.springframework.security.web.authentication.logout.LogoutFilter.doFilter(LogoutFilter.java:116)\n	at org.springframework.security.web.FilterChainProxy$VirtualFilterChain.doFilter(FilterChainProxy.java:334)\n	at org.springframework.security.web.header.HeaderWriterFilter.doFilterInternal(HeaderWriterFilter.java:66)\n	at org.springframework.web.filter.OncePerRequestFilter.doFilter(OncePerRequestFilter.java:107)\n	at org.springframework.security.web.FilterChainProxy$VirtualFilterChain.doFilter(FilterChainProxy.java:334)\n	at org.springframework.security.web.context.SecurityContextPersistenceFilter.doFilter(SecurityContextPersistenceFilter.java:105)\n	at org.springframework.security.web.FilterChainProxy$VirtualFilterChain.doFilter(FilterChainProxy.java:334)\n	at org.springframework.security.web.context.request.async.WebAsyncManagerIntegrationFilter.doFilterInternal(WebAsyncManagerIntegrationFilter.java:56)\n	at org.springframework.web.filter.OncePerRequestFilter.doFilter(OncePerRequestFilter.java:107)\n	at org.springframework.security.web.FilterChainProxy$VirtualFilterChain.doFilter(FilterChainProxy.java:334)\n	at org.springframework.security.web.FilterChainProxy.doFilterInternal(FilterChainProxy.java:215)\n	at org.springframework.security.web.FilterChainProxy.doFilter(FilterChainProxy.java:178)\n	at org.springframework.web.filter.DelegatingFilterProxy.invokeDelegate(DelegatingFilterProxy.java:357)\n	at org.springframework.web.filter.DelegatingFilterProxy.doFilter(DelegatingFilterProxy.java:270)\n	at org.apache.catalina.core.ApplicationFilterChain.internalDoFilter(ApplicationFilterChain.java:193)\n	at org.apache.catalina.core.ApplicationFilterChain.doFilter(ApplicationFilterChain.java:166)\n	at org.springframework.web.filter.CharacterEncodingFilter.doFilterInternal(CharacterEncodingFilter.java:200)\n	at org.springframework.web.filter.OncePerRequestFilter.doFilter(OncePerRequestFilter.java:107)\n	at org.apache.catalina.core.ApplicationFilterChain.internalDoFilter(ApplicationFilterChain.java:193)\n	at org.apache.catalina.core.ApplicationFilterChain.doFilter(ApplicationFilterChain.java:166)\n	at me.zhengjie.config.SqlLogFilter.doFilter(SqlLogFilter.java:131)\n	at org.apache.catalina.core.ApplicationFilterChain.internalDoFilter(ApplicationFilterChain.java:193)\n	at org.apache.catalina.core.ApplicationFilterChain.doFilter(ApplicationFilterChain.java:166)\n	at org.apache.catalina.core.StandardWrapperValve.invoke(StandardWrapperValve.java:199)\n	at org.apache.catalina.core.StandardContextValve.invoke(StandardContextValve.java:96)\n	at org.apache.catalina.authenticator.AuthenticatorBase.invoke(AuthenticatorBase.java:490)\n	at org.apache.catalina.core.StandardHostValve.invoke(StandardHostValve.java:139)\n	at org.apache.catalina.valves.ErrorReportValve.invoke(ErrorReportValve.java:92)\n	at org.apache.catalina.core.StandardEngineValve.invoke(StandardEngineValve.java:74)\n	at org.apache.catalina.connector.CoyoteAdapter.service(CoyoteAdapter.java:343)\n	at org.apache.coyote.http11.Http11Processor.service(Http11Processor.java:408)\n	at org.apache.coyote.AbstractProcessorLight.process(AbstractProcessorLight.java:66)\n	at org.apache.coyote.AbstractProtocol$ConnectionHandler.process(AbstractProtocol.java:770)\n	at org.apache.tomcat.util.net.NioEndpoint$SocketProcessor.doRun(NioEndpoint.java:1415)\n	at org.apache.tomcat.util.net.SocketProcessorBase.run(SocketProcessorBase.java:49)\n	at java.util.concurrent.ThreadPoolExecutor.runWorker(ThreadPoolExecutor.java:1149)\n	at java.util.concurrent.ThreadPoolExecutor$Worker.run(ThreadPoolExecutor.java:624)\n	at org.apache.tomcat.util.threads.TaskThread$WrappingRunnable.run(TaskThread.java:61)\n	at java.lang.Thread.run(Thread.java:748)\n','ERROR','me.zhengjie.modules.system.rest.DeptController.delete()','{ id: 2 }','127.0.0.1',1753,'admin','内网IP'),(14327,'2019-10-24 22:03:13','删除部门',NULL,'INFO','me.zhengjie.modules.system.rest.DeptController.delete()','{ id: 12 }','127.0.0.1',3381,'admin','内网IP'),(14328,'2019-10-24 22:03:23','查询部门',NULL,'INFO','me.zhengjie.modules.system.rest.DeptController.getDepts()','{ criteria: DeptQueryCriteria(ids=[], name=null, enabled=null, pid=null) }','127.0.0.1',6640,'admin','内网IP'),(14329,'2019-10-24 22:03:34','查询部门',NULL,'INFO','me.zhengjie.modules.system.rest.DeptController.getDepts()','{ criteria: DeptQueryCriteria(ids=[], name=部, enabled=null, pid=null) }','127.0.0.1',7144,'admin','内网IP'),(14330,'2019-10-24 22:03:45','查询部门',NULL,'INFO','me.zhengjie.modules.system.rest.DeptController.getDepts()','{ criteria: DeptQueryCriteria(ids=[], name=null, enabled=true, pid=null) }','127.0.0.1',7134,'admin','内网IP'),(14331,'2019-10-24 22:03:53','新增部门',NULL,'INFO','me.zhengjie.modules.system.rest.DeptController.create()','{ resources: Dept(id=13, name=啊啊啊, enabled=true, pid=2, roles=null, createTime=2019-10-24 22:03:50.001) }','127.0.0.1',3386,'admin','内网IP'),(14332,'2019-10-24 22:04:00','查询部门',NULL,'INFO','me.zhengjie.modules.system.rest.DeptController.getDepts()','{ criteria: DeptQueryCriteria(ids=[], name=部, enabled=null, pid=null) }','127.0.0.1',7795,'admin','内网IP'),(14333,'2019-10-24 22:04:04','查询部门',NULL,'INFO','me.zhengjie.modules.system.rest.DeptController.getDepts()','{ criteria: DeptQueryCriteria(ids=[], name=部, enabled=null, pid=null) }','127.0.0.1',7,'admin','内网IP'),(14334,'2019-10-24 22:04:08','查询部门',NULL,'INFO','me.zhengjie.modules.system.rest.DeptController.getDepts()','{ criteria: DeptQueryCriteria(ids=[], name=部, enabled=null, pid=null) }','127.0.0.1',8,'admin','内网IP'),(14335,'2019-10-24 22:04:09','查询部门',NULL,'INFO','me.zhengjie.modules.system.rest.DeptController.getDepts()','{ criteria: DeptQueryCriteria(ids=[], name=部, enabled=null, pid=null) }','127.0.0.1',13,'admin','内网IP'),(14336,'2019-10-24 22:04:11','查询岗位',NULL,'INFO','me.zhengjie.modules.system.rest.JobController.getJobs()','{ criteria: JobQueryCriteria(name=null, enabled=null, deptId=null, deptIds=[]) pageable: Page request [number: 0, size 10, sort: sort: ASC] }','127.0.0.1',290,'admin','内网IP'),(14337,'2019-10-24 22:04:18','查询字典详情',NULL,'INFO','me.zhengjie.modules.system.rest.DictDetailController.getDictDetails()','{ criteria: DictDetailQueryCriteria(label=null, dictName=job_status) pageable: Page request [number: 0, size 2000, sort: sort: ASC] }','127.0.0.1',3982,'admin','内网IP'),(14338,'2019-10-24 22:04:29','查询部门',NULL,'INFO','me.zhengjie.modules.system.rest.DeptController.getDepts()','{ criteria: DeptQueryCriteria(ids=[], name=null, enabled=true, pid=null) }','127.0.0.1',7257,'admin','内网IP'),(14339,'2019-10-24 22:04:36','修改岗位',NULL,'INFO','me.zhengjie.modules.system.rest.JobController.update()','{ resources: Job(id=2, name=董事长秘书, sort=0, enabled=true, dept=Dept(id=1, name=null, enabled=null, pid=null, roles=null, createTime=null), createTime=2019-03-29 14:01:30.0) }','127.0.0.1',3370,'admin','内网IP'),(14340,'2019-10-24 22:04:40','查询岗位',NULL,'INFO','me.zhengjie.modules.system.rest.JobController.getJobs()','{ criteria: JobQueryCriteria(name=null, enabled=null, deptId=null, deptIds=[]) pageable: Page request [number: 0, size 10, sort: sort: ASC] }','127.0.0.1',669,'admin','内网IP'),(14341,'2019-10-24 22:04:52','删除岗位',NULL,'INFO','me.zhengjie.modules.system.rest.JobController.delete()','{ id: 10 }','127.0.0.1',3361,'admin','内网IP'),(14342,'2019-10-24 22:04:56','查询岗位',NULL,'INFO','me.zhengjie.modules.system.rest.JobController.getJobs()','{ criteria: JobQueryCriteria(name=null, enabled=null, deptId=null, deptIds=[]) pageable: Page request [number: 0, size 10, sort: sort: ASC] }','127.0.0.1',667,'admin','内网IP'),(14343,'2019-10-24 22:05:01','查询岗位',NULL,'INFO','me.zhengjie.modules.system.rest.JobController.getJobs()','{ criteria: JobQueryCriteria(name=董, enabled=null, deptId=null, deptIds=[]) pageable: Page request [number: 0, size 10, sort: sort: ASC] }','127.0.0.1',654,'admin','内网IP'),(14344,'2019-10-24 22:05:23','查询字典',NULL,'INFO','me.zhengjie.modules.system.rest.DictController.getDicts()','{ resources: DictQueryCriteria(blurry=null) pageable: Page request [number: 0, size 10, sort: id: DESC] }','127.0.0.1',3419,'admin','内网IP'),(14345,'2019-10-24 22:05:33','新增字典',NULL,'INFO','me.zhengjie.modules.system.rest.DictController.create()','{ resources: Dict(id=7, name=11111111, remark=, dictDetails=null) }','127.0.0.1',3387,'admin','内网IP'),(14346,'2019-10-24 22:05:36','查询字典',NULL,'INFO','me.zhengjie.modules.system.rest.DictController.getDicts()','{ resources: DictQueryCriteria(blurry=null) pageable: Page request [number: 0, size 10, sort: id: DESC] }','127.0.0.1',4213,'admin','内网IP'),(14347,'2019-10-24 22:05:50','查询字典详情',NULL,'INFO','me.zhengjie.modules.system.rest.DictDetailController.getDictDetails()','{ criteria: DictDetailQueryCriteria(label=null, dictName=11111111) pageable: Page request [number: 0, size 10, sort: sort: ASC] }','127.0.0.1',3976,'admin','内网IP'),(14348,'2019-10-24 22:05:58','删除字典',NULL,'INFO','me.zhengjie.modules.system.rest.DictController.delete()','{ id: 7 }','127.0.0.1',3352,'admin','内网IP'),(14349,'2019-10-24 22:06:01','查询字典',NULL,'INFO','me.zhengjie.modules.system.rest.DictController.getDicts()','{ resources: DictQueryCriteria(blurry=null) pageable: Page request [number: 0, size 10, sort: id: DESC] }','127.0.0.1',4197,'admin','内网IP'),(14350,'2019-10-24 22:06:09','查询字典详情',NULL,'INFO','me.zhengjie.modules.system.rest.DictDetailController.getDictDetails()','{ criteria: DictDetailQueryCriteria(label=null, dictName=job_status) pageable: Page request [number: 0, size 10, sort: sort: ASC] }','127.0.0.1',3960,'admin','内网IP'),(14351,'2019-10-24 22:06:18','新增字典详情',NULL,'INFO','me.zhengjie.modules.system.rest.DictDetailController.create()','{ resources: DictDetail(id=16, label=1, value=, sort=999, dict=Dict(id=5, name=null, remark=null, dictDetails=null)) }','127.0.0.1',3378,'admin','内网IP'),(14352,'2019-10-24 22:06:21','查询字典详情',NULL,'INFO','me.zhengjie.modules.system.rest.DictDetailController.getDictDetails()','{ criteria: DictDetailQueryCriteria(label=null, dictName=job_status) pageable: Page request [number: 0, size 10, sort: sort: ASC] }','127.0.0.1',4205,'admin','内网IP'),(14353,'2019-10-24 22:06:45','查询Redis缓存',NULL,'INFO','me.zhengjie.modules.monitor.rest.RedisController.getRedis()','{ key: * pageable: Page request [number: 0, size 10, sort: UNSORTED] }','127.0.0.1',59,'admin','内网IP'),(14354,'2019-10-24 22:06:50','查询Redis缓存',NULL,'INFO','me.zhengjie.modules.monitor.rest.RedisController.getRedis()','{ key: * pageable: Page request [number: 0, size 10, sort: UNSORTED] }','127.0.0.1',38,'admin','内网IP'),(14355,'2019-10-24 22:06:49','删除Redis缓存',NULL,'INFO','me.zhengjie.modules.monitor.rest.RedisController.delete()','{ resources: RedisVo(key=0667991af094455485dc6d273a5cd267, value=null) }','127.0.0.1',1,'admin','内网IP'),(14356,'2019-10-24 22:07:13','查询定时任务',NULL,'INFO','me.zhengjie.modules.quartz.rest.QuartzJobController.getJobs()','{ criteria: JobQueryCriteria(jobName=null, isSuccess=null) pageable: Page request [number: 0, size 10, sort: id: DESC] }','127.0.0.1',5,'admin','内网IP'),(14357,'2019-10-24 22:07:19','执行定时任务',NULL,'INFO','me.zhengjie.modules.quartz.rest.QuartzJobController.execution()','{ id: 3 }','127.0.0.1',3402,'admin','内网IP'),(14358,'2019-10-24 22:07:30','修改定时任务',NULL,'INFO','me.zhengjie.modules.quartz.rest.QuartzJobController.update()','{ resources: QuartzJob(id=3, jobName=测试, beanName=testTask, methodName=run, params=, cronExpression=0/5 * * * * ?, isPause=false, remark=不带参测试, updateTime=null) }','127.0.0.1',3378,'admin','内网IP'),(14359,'2019-10-24 22:07:33','查询定时任务',NULL,'INFO','me.zhengjie.modules.quartz.rest.QuartzJobController.getJobs()','{ criteria: JobQueryCriteria(jobName=null, isSuccess=null) pageable: Page request [number: 0, size 10, sort: id: DESC] }','127.0.0.1',4197,'admin','内网IP'),(14360,'2019-10-24 22:07:44','更改定时任务状态',NULL,'INFO','me.zhengjie.modules.quartz.rest.QuartzJobController.updateIsPause()','{ id: 3 }','127.0.0.1',7531,'admin','内网IP'),(14361,'2019-10-24 22:07:56','更改定时任务状态',NULL,'INFO','me.zhengjie.modules.quartz.rest.QuartzJobController.updateIsPause()','{ id: 3 }','127.0.0.1',7542,'admin','内网IP'),(14362,'2019-10-24 22:07:59','查询定时任务',NULL,'INFO','me.zhengjie.modules.quartz.rest.QuartzJobController.getJobs()','{ criteria: JobQueryCriteria(jobName=null, isSuccess=null) pageable: Page request [number: 0, size 10, sort: id: DESC] }','127.0.0.1',4217,'admin','内网IP'),(14363,'2019-10-24 22:08:02','查询定时任务',NULL,'INFO','me.zhengjie.modules.quartz.rest.QuartzJobController.getJobs()','{ criteria: JobQueryCriteria(jobName=null, isSuccess=null) pageable: Page request [number: 0, size 10, sort: id: DESC] }','127.0.0.1',3,'admin','内网IP'),(14364,'2019-10-24 22:08:10','删除定时任务',NULL,'INFO','me.zhengjie.modules.quartz.rest.QuartzJobController.delete()','{ id: 3 }','127.0.0.1',7750,'admin','内网IP'),(14365,'2019-10-24 22:08:18','查询定时任务',NULL,'INFO','me.zhengjie.modules.quartz.rest.QuartzJobController.getJobs()','{ criteria: JobQueryCriteria(jobName=null, isSuccess=null) pageable: Page request [number: 0, size 10, sort: id: DESC] }','127.0.0.1',3985,'admin','内网IP'),(14366,'2019-10-24 22:08:44','新增定时任务','me.zhengjie.exception.BadRequestException: cron表达式格式错误\n	at me.zhengjie.modules.quartz.service.impl.QuartzJobServiceImpl.create(QuartzJobServiceImpl.java:59)\n	at me.zhengjie.modules.quartz.service.impl.QuartzJobServiceImpl$$FastClassBySpringCGLIB$$ee2aa31e.invoke(<generated>)\n	at org.springframework.cglib.proxy.MethodProxy.invoke(MethodProxy.java:218)\n	at org.springframework.aop.framework.CglibAopProxy$CglibMethodInvocation.invokeJoinpoint(CglibAopProxy.java:746)\n	at org.springframework.aop.framework.ReflectiveMethodInvocation.proceed(ReflectiveMethodInvocation.java:163)\n	at org.springframework.transaction.interceptor.TransactionAspectSupport.invokeWithinTransaction(TransactionAspectSupport.java:294)\n	at org.springframework.transaction.interceptor.TransactionInterceptor.invoke(TransactionInterceptor.java:98)\n	at org.springframework.aop.framework.ReflectiveMethodInvocation.proceed(ReflectiveMethodInvocation.java:186)\n	at org.springframework.cache.interceptor.CacheInterceptor.lambda$invoke$0(CacheInterceptor.java:53)\n	at org.springframework.cache.interceptor.CacheAspectSupport.invokeOperation(CacheAspectSupport.java:365)\n	at org.springframework.cache.interceptor.CacheAspectSupport.execute(CacheAspectSupport.java:420)\n	at org.springframework.cache.interceptor.CacheAspectSupport.execute(CacheAspectSupport.java:345)\n	at org.springframework.cache.interceptor.CacheInterceptor.invoke(CacheInterceptor.java:61)\n	at org.springframework.aop.framework.ReflectiveMethodInvocation.proceed(ReflectiveMethodInvocation.java:186)\n	at org.springframework.aop.framework.CglibAopProxy$DynamicAdvisedInterceptor.intercept(CglibAopProxy.java:688)\n	at me.zhengjie.modules.quartz.service.impl.QuartzJobServiceImpl$$EnhancerBySpringCGLIB$$72ae3c4e.create(<generated>)\n	at me.zhengjie.modules.quartz.rest.QuartzJobController.create(QuartzJobController.java:51)\n	at me.zhengjie.modules.quartz.rest.QuartzJobController$$FastClassBySpringCGLIB$$f9de2e6e.invoke(<generated>)\n	at org.springframework.cglib.proxy.MethodProxy.invoke(MethodProxy.java:218)\n	at org.springframework.aop.framework.CglibAopProxy$CglibMethodInvocation.invokeJoinpoint(CglibAopProxy.java:746)\n	at org.springframework.aop.framework.ReflectiveMethodInvocation.proceed(ReflectiveMethodInvocation.java:163)\n	at org.springframework.aop.aspectj.MethodInvocationProceedingJoinPoint.proceed(MethodInvocationProceedingJoinPoint.java:88)\n	at me.zhengjie.aspect.LogAspect.logAround(LogAspect.java:53)\n	at sun.reflect.GeneratedMethodAccessor270.invoke(Unknown Source)\n	at sun.reflect.DelegatingMethodAccessorImpl.invoke(DelegatingMethodAccessorImpl.java:43)\n	at java.lang.reflect.Method.invoke(Method.java:498)\n	at org.springframework.aop.aspectj.AbstractAspectJAdvice.invokeAdviceMethodWithGivenArgs(AbstractAspectJAdvice.java:644)\n	at org.springframework.aop.aspectj.AbstractAspectJAdvice.invokeAdviceMethod(AbstractAspectJAdvice.java:633)\n	at org.springframework.aop.aspectj.AspectJAroundAdvice.invoke(AspectJAroundAdvice.java:70)\n	at org.springframework.aop.framework.ReflectiveMethodInvocation.proceed(ReflectiveMethodInvocation.java:175)\n	at org.springframework.aop.aspectj.AspectJAfterThrowingAdvice.invoke(AspectJAfterThrowingAdvice.java:62)\n	at org.springframework.aop.framework.ReflectiveMethodInvocation.proceed(ReflectiveMethodInvocation.java:175)\n	at org.springframework.security.access.intercept.aopalliance.MethodSecurityInterceptor.invoke(MethodSecurityInterceptor.java:69)\n	at org.springframework.aop.framework.ReflectiveMethodInvocation.proceed(ReflectiveMethodInvocation.java:186)\n	at org.springframework.aop.interceptor.ExposeInvocationInterceptor.invoke(ExposeInvocationInterceptor.java:93)\n	at org.springframework.aop.framework.ReflectiveMethodInvocation.proceed(ReflectiveMethodInvocation.java:186)\n	at org.springframework.aop.framework.CglibAopProxy$DynamicAdvisedInterceptor.intercept(CglibAopProxy.java:688)\n	at me.zhengjie.modules.quartz.rest.QuartzJobController$$EnhancerBySpringCGLIB$$4363110b.create(<generated>)\n	at sun.reflect.NativeMethodAccessorImpl.invoke0(Native Method)\n	at sun.reflect.NativeMethodAccessorImpl.invoke(NativeMethodAccessorImpl.java:62)\n	at sun.reflect.DelegatingMethodAccessorImpl.invoke(DelegatingMethodAccessorImpl.java:43)\n	at java.lang.reflect.Method.invoke(Method.java:498)\n	at org.springframework.web.method.support.InvocableHandlerMethod.doInvoke(InvocableHandlerMethod.java:215)\n	at org.springframework.web.method.support.InvocableHandlerMethod.invokeForRequest(InvocableHandlerMethod.java:142)\n	at org.springframework.web.servlet.mvc.method.annotation.ServletInvocableHandlerMethod.invokeAndHandle(ServletInvocableHandlerMethod.java:102)\n	at org.springframework.web.servlet.mvc.method.annotation.RequestMappingHandlerAdapter.invokeHandlerMethod(RequestMappingHandlerAdapter.java:895)\n	at org.springframework.web.servlet.mvc.method.annotation.RequestMappingHandlerAdapter.handleInternal(RequestMappingHandlerAdapter.java:800)\n	at org.springframework.web.servlet.mvc.method.AbstractHandlerMethodAdapter.handle(AbstractHandlerMethodAdapter.java:87)\n	at org.springframework.web.servlet.DispatcherServlet.doDispatch(DispatcherServlet.java:1038)\n	at org.springframework.web.servlet.DispatcherServlet.doService(DispatcherServlet.java:942)\n	at org.springframework.web.servlet.FrameworkServlet.processRequest(FrameworkServlet.java:998)\n	at org.springframework.web.servlet.FrameworkServlet.doPost(FrameworkServlet.java:901)\n	at javax.servlet.http.HttpServlet.service(HttpServlet.java:660)\n	at org.springframework.web.servlet.FrameworkServlet.service(FrameworkServlet.java:875)\n	at javax.servlet.http.HttpServlet.service(HttpServlet.java:741)\n	at org.apache.catalina.core.ApplicationFilterChain.internalDoFilter(ApplicationFilterChain.java:231)\n	at org.apache.catalina.core.ApplicationFilterChain.doFilter(ApplicationFilterChain.java:166)\n	at org.apache.tomcat.websocket.server.WsFilter.doFilter(WsFilter.java:53)\n	at org.apache.catalina.core.ApplicationFilterChain.internalDoFilter(ApplicationFilterChain.java:193)\n	at org.apache.catalina.core.ApplicationFilterChain.doFilter(ApplicationFilterChain.java:166)\n	at org.springframework.web.filter.OncePerRequestFilter.doFilter(OncePerRequestFilter.java:101)\n	at org.apache.catalina.core.ApplicationFilterChain.internalDoFilter(ApplicationFilterChain.java:193)\n	at org.apache.catalina.core.ApplicationFilterChain.doFilter(ApplicationFilterChain.java:166)\n	at com.alibaba.druid.support.http.WebStatFilter.doFilter(WebStatFilter.java:123)\n	at org.apache.catalina.core.ApplicationFilterChain.internalDoFilter(ApplicationFilterChain.java:193)\n	at org.apache.catalina.core.ApplicationFilterChain.doFilter(ApplicationFilterChain.java:166)\n	at org.springframework.security.web.FilterChainProxy$VirtualFilterChain.doFilter(FilterChainProxy.java:320)\n	at org.springframework.security.web.access.intercept.FilterSecurityInterceptor.invoke(FilterSecurityInterceptor.java:127)\n	at org.springframework.security.web.access.intercept.FilterSecurityInterceptor.doFilter(FilterSecurityInterceptor.java:91)\n	at org.springframework.security.web.FilterChainProxy$VirtualFilterChain.doFilter(FilterChainProxy.java:334)\n	at org.springframework.security.web.access.ExceptionTranslationFilter.doFilter(ExceptionTranslationFilter.java:119)\n	at org.springframework.security.web.FilterChainProxy$VirtualFilterChain.doFilter(FilterChainProxy.java:334)\n	at org.springframework.security.web.session.SessionManagementFilter.doFilter(SessionManagementFilter.java:137)\n	at org.springframework.security.web.FilterChainProxy$VirtualFilterChain.doFilter(FilterChainProxy.java:334)\n	at org.springframework.security.web.authentication.AnonymousAuthenticationFilter.doFilter(AnonymousAuthenticationFilter.java:111)\n	at org.springframework.security.web.FilterChainProxy$VirtualFilterChain.doFilter(FilterChainProxy.java:334)\n	at org.springframework.security.web.servletapi.SecurityContextHolderAwareRequestFilter.doFilter(SecurityContextHolderAwareRequestFilter.java:170)\n	at org.springframework.security.web.FilterChainProxy$VirtualFilterChain.doFilter(FilterChainProxy.java:334)\n	at org.springframework.security.web.savedrequest.RequestCacheAwareFilter.doFilter(RequestCacheAwareFilter.java:63)\n	at org.springframework.security.web.FilterChainProxy$VirtualFilterChain.doFilter(FilterChainProxy.java:334)\n	at me.zhengjie.modules.security.security.JwtAuthorizationTokenFilter.doFilterInternal(JwtAuthorizationTokenFilter.java:65)\n	at org.springframework.web.filter.OncePerRequestFilter.doFilter(OncePerRequestFilter.java:107)\n	at org.springframework.security.web.FilterChainProxy$VirtualFilterChain.doFilter(FilterChainProxy.java:334)\n	at org.springframework.security.web.authentication.logout.LogoutFilter.doFilter(LogoutFilter.java:116)\n	at org.springframework.security.web.FilterChainProxy$VirtualFilterChain.doFilter(FilterChainProxy.java:334)\n	at org.springframework.security.web.header.HeaderWriterFilter.doFilterInternal(HeaderWriterFilter.java:66)\n	at org.springframework.web.filter.OncePerRequestFilter.doFilter(OncePerRequestFilter.java:107)\n	at org.springframework.security.web.FilterChainProxy$VirtualFilterChain.doFilter(FilterChainProxy.java:334)\n	at org.springframework.security.web.context.SecurityContextPersistenceFilter.doFilter(SecurityContextPersistenceFilter.java:105)\n	at org.springframework.security.web.FilterChainProxy$VirtualFilterChain.doFilter(FilterChainProxy.java:334)\n	at org.springframework.security.web.context.request.async.WebAsyncManagerIntegrationFilter.doFilterInternal(WebAsyncManagerIntegrationFilter.java:56)\n	at org.springframework.web.filter.OncePerRequestFilter.doFilter(OncePerRequestFilter.java:107)\n	at org.springframework.security.web.FilterChainProxy$VirtualFilterChain.doFilter(FilterChainProxy.java:334)\n	at org.springframework.security.web.FilterChainProxy.doFilterInternal(FilterChainProxy.java:215)\n	at org.springframework.security.web.FilterChainProxy.doFilter(FilterChainProxy.java:178)\n	at org.springframework.web.filter.DelegatingFilterProxy.invokeDelegate(DelegatingFilterProxy.java:357)\n	at org.springframework.web.filter.DelegatingFilterProxy.doFilter(DelegatingFilterProxy.java:270)\n	at org.apache.catalina.core.ApplicationFilterChain.internalDoFilter(ApplicationFilterChain.java:193)\n	at org.apache.catalina.core.ApplicationFilterChain.doFilter(ApplicationFilterChain.java:166)\n	at org.springframework.web.filter.CharacterEncodingFilter.doFilterInternal(CharacterEncodingFilter.java:200)\n	at org.springframework.web.filter.OncePerRequestFilter.doFilter(OncePerRequestFilter.java:107)\n	at org.apache.catalina.core.ApplicationFilterChain.internalDoFilter(ApplicationFilterChain.java:193)\n	at org.apache.catalina.core.ApplicationFilterChain.doFilter(ApplicationFilterChain.java:166)\n	at me.zhengjie.config.SqlLogFilter.doFilter(SqlLogFilter.java:131)\n	at org.apache.catalina.core.ApplicationFilterChain.internalDoFilter(ApplicationFilterChain.java:193)\n	at org.apache.catalina.core.ApplicationFilterChain.doFilter(ApplicationFilterChain.java:166)\n	at org.apache.catalina.core.StandardWrapperValve.invoke(StandardWrapperValve.java:199)\n	at org.apache.catalina.core.StandardContextValve.invoke(StandardContextValve.java:96)\n	at org.apache.catalina.authenticator.AuthenticatorBase.invoke(AuthenticatorBase.java:490)\n	at org.apache.catalina.core.StandardHostValve.invoke(StandardHostValve.java:139)\n	at org.apache.catalina.valves.ErrorReportValve.invoke(ErrorReportValve.java:92)\n	at org.apache.catalina.core.StandardEngineValve.invoke(StandardEngineValve.java:74)\n	at org.apache.catalina.connector.CoyoteAdapter.service(CoyoteAdapter.java:343)\n	at org.apache.coyote.http11.Http11Processor.service(Http11Processor.java:408)\n	at org.apache.coyote.AbstractProcessorLight.process(AbstractProcessorLight.java:66)\n	at org.apache.coyote.AbstractProtocol$ConnectionHandler.process(AbstractProtocol.java:770)\n	at org.apache.tomcat.util.net.NioEndpoint$SocketProcessor.doRun(NioEndpoint.java:1415)\n	at org.apache.tomcat.util.net.SocketProcessorBase.run(SocketProcessorBase.java:49)\n	at java.util.concurrent.ThreadPoolExecutor.runWorker(ThreadPoolExecutor.java:1149)\n	at java.util.concurrent.ThreadPoolExecutor$Worker.run(ThreadPoolExecutor.java:624)\n	at org.apache.tomcat.util.threads.TaskThread$WrappingRunnable.run(TaskThread.java:61)\n	at java.lang.Thread.run(Thread.java:748)\n','ERROR','me.zhengjie.modules.quartz.rest.QuartzJobController.create()','{ resources: QuartzJob(id=null, jobName=1, beanName=1, methodName=1, params=, cronExpression=1, isPause=false, remark=1, updateTime=null) }','127.0.0.1',1665,'admin','内网IP'),(14367,'2019-10-24 22:08:58','新增定时任务',NULL,'INFO','me.zhengjie.modules.quartz.rest.QuartzJobController.create()','{ resources: QuartzJob(id=4, jobName=1, beanName=1, methodName=1, params=, cronExpression=0 0 0 * * ?, isPause=false, remark=1, updateTime=2019-10-24 22:08:52.833) }','127.0.0.1',3394,'admin','内网IP'),(14368,'2019-10-24 22:09:01','查询定时任务',NULL,'INFO','me.zhengjie.modules.quartz.rest.QuartzJobController.getJobs()','{ criteria: JobQueryCriteria(jobName=null, isSuccess=null) pageable: Page request [number: 0, size 10, sort: id: DESC] }','127.0.0.1',4216,'admin','内网IP'),(14369,'2019-10-24 22:10:16','发送邮件',NULL,'INFO','me.zhengjie.rest.EmailController.send()','{ emailVo: EmailVo(tos=[test@test.com], subject=gkd, content=<p>gkd</p>) }','127.0.0.1',6,'admin','内网IP'),(14370,'2019-10-24 22:10:33','配置邮件','org.springframework.orm.jpa.JpaSystemException: ids for this class must be manually assigned before calling save(): me.zhengjie.domain.EmailConfig; nested exception is org.hibernate.id.IdentifierGenerationException: ids for this class must be manually assigned before calling save(): me.zhengjie.domain.EmailConfig\n	at org.springframework.orm.jpa.vendor.HibernateJpaDialect.convertHibernateAccessException(HibernateJpaDialect.java:351)\n	at org.springframework.orm.jpa.vendor.HibernateJpaDialect.translateExceptionIfPossible(HibernateJpaDialect.java:253)\n	at org.springframework.orm.jpa.AbstractEntityManagerFactoryBean.translateExceptionIfPossible(AbstractEntityManagerFactoryBean.java:527)\n	at org.springframework.dao.support.ChainedPersistenceExceptionTranslator.translateExceptionIfPossible(ChainedPersistenceExceptionTranslator.java:61)\n	at org.springframework.dao.support.DataAccessUtils.translateIfNecessary(DataAccessUtils.java:242)\n	at org.springframework.dao.support.PersistenceExceptionTranslationInterceptor.invoke(PersistenceExceptionTranslationInterceptor.java:153)\n	at org.springframework.aop.framework.ReflectiveMethodInvocation.proceed(ReflectiveMethodInvocation.java:186)\n	at org.springframework.data.jpa.repository.support.CrudMethodMetadataPostProcessor$CrudMethodMetadataPopulatingMethodInterceptor.invoke(CrudMethodMetadataPostProcessor.java:135)\n	at org.springframework.aop.framework.ReflectiveMethodInvocation.proceed(ReflectiveMethodInvocation.java:186)\n	at org.springframework.aop.interceptor.ExposeInvocationInterceptor.invoke(ExposeInvocationInterceptor.java:93)\n	at org.springframework.aop.framework.ReflectiveMethodInvocation.proceed(ReflectiveMethodInvocation.java:186)\n	at org.springframework.data.repository.core.support.SurroundingTransactionDetectorMethodInterceptor.invoke(SurroundingTransactionDetectorMethodInterceptor.java:61)\n	at org.springframework.aop.framework.ReflectiveMethodInvocation.proceed(ReflectiveMethodInvocation.java:186)\n	at org.springframework.aop.framework.JdkDynamicAopProxy.invoke(JdkDynamicAopProxy.java:212)\n	at com.sun.proxy.$Proxy206.save(Unknown Source)\n	at me.zhengjie.service.impl.EmailServiceImpl.update(EmailServiceImpl.java:41)\n	at me.zhengjie.service.impl.EmailServiceImpl$$FastClassBySpringCGLIB$$9e61b42c.invoke(<generated>)\n	at org.springframework.cglib.proxy.MethodProxy.invoke(MethodProxy.java:218)\n	at org.springframework.aop.framework.CglibAopProxy$CglibMethodInvocation.invokeJoinpoint(CglibAopProxy.java:746)\n	at org.springframework.aop.framework.ReflectiveMethodInvocation.proceed(ReflectiveMethodInvocation.java:163)\n	at org.springframework.transaction.interceptor.TransactionAspectSupport.invokeWithinTransaction(TransactionAspectSupport.java:294)\n	at org.springframework.transaction.interceptor.TransactionInterceptor.invoke(TransactionInterceptor.java:98)\n	at org.springframework.aop.framework.ReflectiveMethodInvocation.proceed(ReflectiveMethodInvocation.java:186)\n	at org.springframework.cache.interceptor.CacheInterceptor.lambda$invoke$0(CacheInterceptor.java:53)\n	at org.springframework.cache.interceptor.CacheAspectSupport.invokeOperation(CacheAspectSupport.java:365)\n	at org.springframework.cache.interceptor.CacheAspectSupport.execute(CacheAspectSupport.java:420)\n	at org.springframework.cache.interceptor.CacheAspectSupport.execute(CacheAspectSupport.java:345)\n	at org.springframework.cache.interceptor.CacheInterceptor.invoke(CacheInterceptor.java:61)\n	at org.springframework.aop.framework.ReflectiveMethodInvocation.proceed(ReflectiveMethodInvocation.java:186)\n	at org.springframework.aop.framework.CglibAopProxy$DynamicAdvisedInterceptor.intercept(CglibAopProxy.java:688)\n	at me.zhengjie.service.impl.EmailServiceImpl$$EnhancerBySpringCGLIB$$44478838.update(<generated>)\n	at me.zhengjie.rest.EmailController.emailConfig(EmailController.java:35)\n	at me.zhengjie.rest.EmailController$$FastClassBySpringCGLIB$$9ad08120.invoke(<generated>)\n	at org.springframework.cglib.proxy.MethodProxy.invoke(MethodProxy.java:218)\n	at org.springframework.aop.framework.CglibAopProxy$CglibMethodInvocation.invokeJoinpoint(CglibAopProxy.java:746)\n	at org.springframework.aop.framework.ReflectiveMethodInvocation.proceed(ReflectiveMethodInvocation.java:163)\n	at org.springframework.aop.aspectj.MethodInvocationProceedingJoinPoint.proceed(MethodInvocationProceedingJoinPoint.java:88)\n	at me.zhengjie.aspect.LogAspect.logAround(LogAspect.java:53)\n	at sun.reflect.GeneratedMethodAccessor270.invoke(Unknown Source)\n	at sun.reflect.DelegatingMethodAccessorImpl.invoke(DelegatingMethodAccessorImpl.java:43)\n	at java.lang.reflect.Method.invoke(Method.java:498)\n	at org.springframework.aop.aspectj.AbstractAspectJAdvice.invokeAdviceMethodWithGivenArgs(AbstractAspectJAdvice.java:644)\n	at org.springframework.aop.aspectj.AbstractAspectJAdvice.invokeAdviceMethod(AbstractAspectJAdvice.java:633)\n	at org.springframework.aop.aspectj.AspectJAroundAdvice.invoke(AspectJAroundAdvice.java:70)\n	at org.springframework.aop.framework.ReflectiveMethodInvocation.proceed(ReflectiveMethodInvocation.java:175)\n	at org.springframework.aop.aspectj.AspectJAfterThrowingAdvice.invoke(AspectJAfterThrowingAdvice.java:62)\n	at org.springframework.aop.framework.ReflectiveMethodInvocation.proceed(ReflectiveMethodInvocation.java:175)\n	at org.springframework.aop.interceptor.ExposeInvocationInterceptor.invoke(ExposeInvocationInterceptor.java:93)\n	at org.springframework.aop.framework.ReflectiveMethodInvocation.proceed(ReflectiveMethodInvocation.java:186)\n	at org.springframework.aop.framework.CglibAopProxy$DynamicAdvisedInterceptor.intercept(CglibAopProxy.java:688)\n	at me.zhengjie.rest.EmailController$$EnhancerBySpringCGLIB$$23f1c972.emailConfig(<generated>)\n	at sun.reflect.NativeMethodAccessorImpl.invoke0(Native Method)\n	at sun.reflect.NativeMethodAccessorImpl.invoke(NativeMethodAccessorImpl.java:62)\n	at sun.reflect.DelegatingMethodAccessorImpl.invoke(DelegatingMethodAccessorImpl.java:43)\n	at java.lang.reflect.Method.invoke(Method.java:498)\n	at org.springframework.web.method.support.InvocableHandlerMethod.doInvoke(InvocableHandlerMethod.java:215)\n	at org.springframework.web.method.support.InvocableHandlerMethod.invokeForRequest(InvocableHandlerMethod.java:142)\n	at org.springframework.web.servlet.mvc.method.annotation.ServletInvocableHandlerMethod.invokeAndHandle(ServletInvocableHandlerMethod.java:102)\n	at org.springframework.web.servlet.mvc.method.annotation.RequestMappingHandlerAdapter.invokeHandlerMethod(RequestMappingHandlerAdapter.java:895)\n	at org.springframework.web.servlet.mvc.method.annotation.RequestMappingHandlerAdapter.handleInternal(RequestMappingHandlerAdapter.java:800)\n	at org.springframework.web.servlet.mvc.method.AbstractHandlerMethodAdapter.handle(AbstractHandlerMethodAdapter.java:87)\n	at org.springframework.web.servlet.DispatcherServlet.doDispatch(DispatcherServlet.java:1038)\n	at org.springframework.web.servlet.DispatcherServlet.doService(DispatcherServlet.java:942)\n	at org.springframework.web.servlet.FrameworkServlet.processRequest(FrameworkServlet.java:998)\n	at org.springframework.web.servlet.FrameworkServlet.doPut(FrameworkServlet.java:912)\n	at javax.servlet.http.HttpServlet.service(HttpServlet.java:663)\n	at org.springframework.web.servlet.FrameworkServlet.service(FrameworkServlet.java:875)\n	at javax.servlet.http.HttpServlet.service(HttpServlet.java:741)\n	at org.apache.catalina.core.ApplicationFilterChain.internalDoFilter(ApplicationFilterChain.java:231)\n	at org.apache.catalina.core.ApplicationFilterChain.doFilter(ApplicationFilterChain.java:166)\n	at org.apache.tomcat.websocket.server.WsFilter.doFilter(WsFilter.java:53)\n	at org.apache.catalina.core.ApplicationFilterChain.internalDoFilter(ApplicationFilterChain.java:193)\n	at org.apache.catalina.core.ApplicationFilterChain.doFilter(ApplicationFilterChain.java:166)\n	at org.springframework.web.filter.OncePerRequestFilter.doFilter(OncePerRequestFilter.java:101)\n	at org.apache.catalina.core.ApplicationFilterChain.internalDoFilter(ApplicationFilterChain.java:193)\n	at org.apache.catalina.core.ApplicationFilterChain.doFilter(ApplicationFilterChain.java:166)\n	at com.alibaba.druid.support.http.WebStatFilter.doFilter(WebStatFilter.java:123)\n	at org.apache.catalina.core.ApplicationFilterChain.internalDoFilter(ApplicationFilterChain.java:193)\n	at org.apache.catalina.core.ApplicationFilterChain.doFilter(ApplicationFilterChain.java:166)\n	at org.springframework.security.web.FilterChainProxy$VirtualFilterChain.doFilter(FilterChainProxy.java:320)\n	at org.springframework.security.web.access.intercept.FilterSecurityInterceptor.invoke(FilterSecurityInterceptor.java:127)\n	at org.springframework.security.web.access.intercept.FilterSecurityInterceptor.doFilter(FilterSecurityInterceptor.java:91)\n	at org.springframework.security.web.FilterChainProxy$VirtualFilterChain.doFilter(FilterChainProxy.java:334)\n	at org.springframework.security.web.access.ExceptionTranslationFilter.doFilter(ExceptionTranslationFilter.java:119)\n	at org.springframework.security.web.FilterChainProxy$VirtualFilterChain.doFilter(FilterChainProxy.java:334)\n	at org.springframework.security.web.session.SessionManagementFilter.doFilter(SessionManagementFilter.java:137)\n	at org.springframework.security.web.FilterChainProxy$VirtualFilterChain.doFilter(FilterChainProxy.java:334)\n	at org.springframework.security.web.authentication.AnonymousAuthenticationFilter.doFilter(AnonymousAuthenticationFilter.java:111)\n	at org.springframework.security.web.FilterChainProxy$VirtualFilterChain.doFilter(FilterChainProxy.java:334)\n	at org.springframework.security.web.servletapi.SecurityContextHolderAwareRequestFilter.doFilter(SecurityContextHolderAwareRequestFilter.java:170)\n	at org.springframework.security.web.FilterChainProxy$VirtualFilterChain.doFilter(FilterChainProxy.java:334)\n	at org.springframework.security.web.savedrequest.RequestCacheAwareFilter.doFilter(RequestCacheAwareFilter.java:63)\n	at org.springframework.security.web.FilterChainProxy$VirtualFilterChain.doFilter(FilterChainProxy.java:334)\n	at me.zhengjie.modules.security.security.JwtAuthorizationTokenFilter.doFilterInternal(JwtAuthorizationTokenFilter.java:65)\n	at org.springframework.web.filter.OncePerRequestFilter.doFilter(OncePerRequestFilter.java:107)\n	at org.springframework.security.web.FilterChainProxy$VirtualFilterChain.doFilter(FilterChainProxy.java:334)\n	at org.springframework.security.web.authentication.logout.LogoutFilter.doFilter(LogoutFilter.java:116)\n	at org.springframework.security.web.FilterChainProxy$VirtualFilterChain.doFilter(FilterChainProxy.java:334)\n	at org.springframework.security.web.header.HeaderWriterFilter.doFilterInternal(HeaderWriterFilter.java:66)\n	at org.springframework.web.filter.OncePerRequestFilter.doFilter(OncePerRequestFilter.java:107)\n	at org.springframework.security.web.FilterChainProxy$VirtualFilterChain.doFilter(FilterChainProxy.java:334)\n	at org.springframework.security.web.context.SecurityContextPersistenceFilter.doFilter(SecurityContextPersistenceFilter.java:105)\n	at org.springframework.security.web.FilterChainProxy$VirtualFilterChain.doFilter(FilterChainProxy.java:334)\n	at org.springframework.security.web.context.request.async.WebAsyncManagerIntegrationFilter.doFilterInternal(WebAsyncManagerIntegrationFilter.java:56)\n	at org.springframework.web.filter.OncePerRequestFilter.doFilter(OncePerRequestFilter.java:107)\n	at org.springframework.security.web.FilterChainProxy$VirtualFilterChain.doFilter(FilterChainProxy.java:334)\n	at org.springframework.security.web.FilterChainProxy.doFilterInternal(FilterChainProxy.java:215)\n	at org.springframework.security.web.FilterChainProxy.doFilter(FilterChainProxy.java:178)\n	at org.springframework.web.filter.DelegatingFilterProxy.invokeDelegate(DelegatingFilterProxy.java:357)\n	at org.springframework.web.filter.DelegatingFilterProxy.doFilter(DelegatingFilterProxy.java:270)\n	at org.apache.catalina.core.ApplicationFilterChain.internalDoFilter(ApplicationFilterChain.java:193)\n	at org.apache.catalina.core.ApplicationFilterChain.doFilter(ApplicationFilterChain.java:166)\n	at org.springframework.web.filter.CharacterEncodingFilter.doFilterInternal(CharacterEncodingFilter.java:200)\n	at org.springframework.web.filter.OncePerRequestFilter.doFilter(OncePerRequestFilter.java:107)\n	at org.apache.catalina.core.ApplicationFilterChain.internalDoFilter(ApplicationFilterChain.java:193)\n	at org.apache.catalina.core.ApplicationFilterChain.doFilter(ApplicationFilterChain.java:166)\n	at me.zhengjie.config.SqlLogFilter.doFilter(SqlLogFilter.java:131)\n	at org.apache.catalina.core.ApplicationFilterChain.internalDoFilter(ApplicationFilterChain.java:193)\n	at org.apache.catalina.core.ApplicationFilterChain.doFilter(ApplicationFilterChain.java:166)\n	at org.apache.catalina.core.StandardWrapperValve.invoke(StandardWrapperValve.java:199)\n	at org.apache.catalina.core.StandardContextValve.invoke(StandardContextValve.java:96)\n	at org.apache.catalina.authenticator.AuthenticatorBase.invoke(AuthenticatorBase.java:490)\n	at org.apache.catalina.core.StandardHostValve.invoke(StandardHostValve.java:139)\n	at org.apache.catalina.valves.ErrorReportValve.invoke(ErrorReportValve.java:92)\n	at org.apache.catalina.core.StandardEngineValve.invoke(StandardEngineValve.java:74)\n	at org.apache.catalina.connector.CoyoteAdapter.service(CoyoteAdapter.java:343)\n	at org.apache.coyote.http11.Http11Processor.service(Http11Processor.java:408)\n	at org.apache.coyote.AbstractProcessorLight.process(AbstractProcessorLight.java:66)\n	at org.apache.coyote.AbstractProtocol$ConnectionHandler.process(AbstractProtocol.java:770)\n	at org.apache.tomcat.util.net.NioEndpoint$SocketProcessor.doRun(NioEndpoint.java:1415)\n	at org.apache.tomcat.util.net.SocketProcessorBase.run(SocketProcessorBase.java:49)\n	at java.util.concurrent.ThreadPoolExecutor.runWorker(ThreadPoolExecutor.java:1149)\n	at java.util.concurrent.ThreadPoolExecutor$Worker.run(ThreadPoolExecutor.java:624)\n	at org.apache.tomcat.util.threads.TaskThread$WrappingRunnable.run(TaskThread.java:61)\n	at java.lang.Thread.run(Thread.java:748)\nCaused by: org.hibernate.id.IdentifierGenerationException: ids for this class must be manually assigned before calling save(): me.zhengjie.domain.EmailConfig\n	at org.hibernate.id.Assigned.generate(Assigned.java:33)\n	at org.hibernate.event.internal.AbstractSaveEventListener.saveWithGeneratedId(AbstractSaveEventListener.java:123)\n	at org.hibernate.event.internal.DefaultPersistEventListener.entityIsTransient(DefaultPersistEventListener.java:192)\n	at org.hibernate.event.internal.DefaultPersistEventListener.onPersist(DefaultPersistEventListener.java:135)\n	at org.hibernate.event.internal.DefaultPersistEventListener.onPersist(DefaultPersistEventListener.java:62)\n	at org.hibernate.internal.SessionImpl.firePersist(SessionImpl.java:800)\n	at org.hibernate.internal.SessionImpl.persist(SessionImpl.java:785)\n	at sun.reflect.GeneratedMethodAccessor253.invoke(Unknown Source)\n	at sun.reflect.DelegatingMethodAccessorImpl.invoke(DelegatingMethodAccessorImpl.java:43)\n	at java.lang.reflect.Method.invoke(Method.java:498)\n	at org.springframework.orm.jpa.ExtendedEntityManagerCreator$ExtendedEntityManagerInvocationHandler.invoke(ExtendedEntityManagerCreator.java:350)\n	at com.sun.proxy.$Proxy135.persist(Unknown Source)\n	at sun.reflect.GeneratedMethodAccessor253.invoke(Unknown Source)\n	at sun.reflect.DelegatingMethodAccessorImpl.invoke(DelegatingMethodAccessorImpl.java:43)\n	at java.lang.reflect.Method.invoke(Method.java:498)\n	at org.springframework.orm.jpa.SharedEntityManagerCreator$SharedEntityManagerInvocationHandler.invoke(SharedEntityManagerCreator.java:308)\n	at com.sun.proxy.$Proxy135.persist(Unknown Source)\n	at org.springframework.data.jpa.repository.support.SimpleJpaRepository.save(SimpleJpaRepository.java:489)\n	at sun.reflect.GeneratedMethodAccessor252.invoke(Unknown Source)\n	at sun.reflect.DelegatingMethodAccessorImpl.invoke(DelegatingMethodAccessorImpl.java:43)\n	at java.lang.reflect.Method.invoke(Method.java:498)\n	at org.springframework.data.repository.core.support.RepositoryComposition$RepositoryFragments.invoke(RepositoryComposition.java:359)\n	at org.springframework.data.repository.core.support.RepositoryComposition.invoke(RepositoryComposition.java:200)\n	at org.springframework.data.repository.core.support.RepositoryFactorySupport$ImplementationMethodExecutionInterceptor.invoke(RepositoryFactorySupport.java:644)\n	at org.springframework.aop.framework.ReflectiveMethodInvocation.proceed(ReflectiveMethodInvocation.java:186)\n	at org.springframework.data.repository.core.support.RepositoryFactorySupport$QueryExecutorMethodInterceptor.doInvoke(RepositoryFactorySupport.java:608)\n	at org.springframework.data.repository.core.support.RepositoryFactorySupport$QueryExecutorMethodInterceptor.lambda$invoke$3(RepositoryFactorySupport.java:595)\n	at org.springframework.data.repository.core.support.RepositoryFactorySupport$QueryExecutorMethodInterceptor.invoke(RepositoryFactorySupport.java:595)\n	at org.springframework.aop.framework.ReflectiveMethodInvocation.proceed(ReflectiveMethodInvocation.java:186)\n	at org.springframework.data.projection.DefaultMethodInvokingMethodInterceptor.invoke(DefaultMethodInvokingMethodInterceptor.java:59)\n	at org.springframework.aop.framework.ReflectiveMethodInvocation.proceed(ReflectiveMethodInvocation.java:186)\n	at org.springframework.transaction.interceptor.TransactionAspectSupport.invokeWithinTransaction(TransactionAspectSupport.java:294)\n	at org.springframework.transaction.interceptor.TransactionInterceptor.invoke(TransactionInterceptor.java:98)\n	at org.springframework.aop.framework.ReflectiveMethodInvocation.proceed(ReflectiveMethodInvocation.java:186)\n	at org.springframework.dao.support.PersistenceExceptionTranslationInterceptor.invoke(PersistenceExceptionTranslationInterceptor.java:139)\n	... 129 more\n','ERROR','me.zhengjie.rest.EmailController.emailConfig()','{ emailConfig: EmailConfig(id=null, host=111, port=11, user=111, pass=495FFEE3240E7B1A, fromUser=111@111.com) }','127.0.0.1',1727,'admin','内网IP'),(14371,'2019-10-24 22:10:42','查询图片',NULL,'INFO','me.zhengjie.rest.PictureController.getRoles()','{ criteria: PictureQueryCriteria(filename=null, username=null) pageable: Page request [number: 0, size 10, sort: id: DESC] }','127.0.0.1',3386,'admin','内网IP'),(14372,'2019-10-24 22:10:50','上传图片','me.zhengjie.exception.BadRequestException: 无法获取目标上传源信息\n	at me.zhengjie.service.impl.PictureServiceImpl.upload(PictureServiceImpl.java:59)\n	at me.zhengjie.service.impl.PictureServiceImpl$$FastClassBySpringCGLIB$$d99e60ca.invoke(<generated>)\n	at org.springframework.cglib.proxy.MethodProxy.invoke(MethodProxy.java:218)\n	at org.springframework.aop.framework.CglibAopProxy$CglibMethodInvocation.invokeJoinpoint(CglibAopProxy.java:746)\n	at org.springframework.aop.framework.ReflectiveMethodInvocation.proceed(ReflectiveMethodInvocation.java:163)\n	at org.springframework.transaction.interceptor.TransactionAspectSupport.invokeWithinTransaction(TransactionAspectSupport.java:294)\n	at org.springframework.transaction.interceptor.TransactionInterceptor.invoke(TransactionInterceptor.java:98)\n	at org.springframework.aop.framework.ReflectiveMethodInvocation.proceed(ReflectiveMethodInvocation.java:186)\n	at org.springframework.cache.interceptor.CacheInterceptor.lambda$invoke$0(CacheInterceptor.java:53)\n	at org.springframework.cache.interceptor.CacheAspectSupport.invokeOperation(CacheAspectSupport.java:365)\n	at org.springframework.cache.interceptor.CacheAspectSupport.execute(CacheAspectSupport.java:420)\n	at org.springframework.cache.interceptor.CacheAspectSupport.execute(CacheAspectSupport.java:345)\n	at org.springframework.cache.interceptor.CacheInterceptor.invoke(CacheInterceptor.java:61)\n	at org.springframework.aop.framework.ReflectiveMethodInvocation.proceed(ReflectiveMethodInvocation.java:186)\n	at org.springframework.aop.framework.CglibAopProxy$DynamicAdvisedInterceptor.intercept(CglibAopProxy.java:688)\n	at me.zhengjie.service.impl.PictureServiceImpl$$EnhancerBySpringCGLIB$$754760d2.upload(<generated>)\n	at me.zhengjie.rest.PictureController.upload(PictureController.java:47)\n	at me.zhengjie.rest.PictureController$$FastClassBySpringCGLIB$$2faae02.invoke(<generated>)\n	at org.springframework.cglib.proxy.MethodProxy.invoke(MethodProxy.java:218)\n	at org.springframework.aop.framework.CglibAopProxy$CglibMethodInvocation.invokeJoinpoint(CglibAopProxy.java:746)\n	at org.springframework.aop.framework.ReflectiveMethodInvocation.proceed(ReflectiveMethodInvocation.java:163)\n	at org.springframework.aop.aspectj.MethodInvocationProceedingJoinPoint.proceed(MethodInvocationProceedingJoinPoint.java:88)\n	at me.zhengjie.aspect.LogAspect.logAround(LogAspect.java:53)\n	at sun.reflect.GeneratedMethodAccessor270.invoke(Unknown Source)\n	at sun.reflect.DelegatingMethodAccessorImpl.invoke(DelegatingMethodAccessorImpl.java:43)\n	at java.lang.reflect.Method.invoke(Method.java:498)\n	at org.springframework.aop.aspectj.AbstractAspectJAdvice.invokeAdviceMethodWithGivenArgs(AbstractAspectJAdvice.java:644)\n	at org.springframework.aop.aspectj.AbstractAspectJAdvice.invokeAdviceMethod(AbstractAspectJAdvice.java:633)\n	at org.springframework.aop.aspectj.AspectJAroundAdvice.invoke(AspectJAroundAdvice.java:70)\n	at org.springframework.aop.framework.ReflectiveMethodInvocation.proceed(ReflectiveMethodInvocation.java:175)\n	at org.springframework.aop.aspectj.AspectJAfterThrowingAdvice.invoke(AspectJAfterThrowingAdvice.java:62)\n	at org.springframework.aop.framework.ReflectiveMethodInvocation.proceed(ReflectiveMethodInvocation.java:175)\n	at org.springframework.security.access.intercept.aopalliance.MethodSecurityInterceptor.invoke(MethodSecurityInterceptor.java:69)\n	at org.springframework.aop.framework.ReflectiveMethodInvocation.proceed(ReflectiveMethodInvocation.java:186)\n	at org.springframework.aop.interceptor.ExposeInvocationInterceptor.invoke(ExposeInvocationInterceptor.java:93)\n	at org.springframework.aop.framework.ReflectiveMethodInvocation.proceed(ReflectiveMethodInvocation.java:186)\n	at org.springframework.aop.framework.CglibAopProxy$DynamicAdvisedInterceptor.intercept(CglibAopProxy.java:688)\n	at me.zhengjie.rest.PictureController$$EnhancerBySpringCGLIB$$6eeaec47.upload(<generated>)\n	at sun.reflect.NativeMethodAccessorImpl.invoke0(Native Method)\n	at sun.reflect.NativeMethodAccessorImpl.invoke(NativeMethodAccessorImpl.java:62)\n	at sun.reflect.DelegatingMethodAccessorImpl.invoke(DelegatingMethodAccessorImpl.java:43)\n	at java.lang.reflect.Method.invoke(Method.java:498)\n	at org.springframework.web.method.support.InvocableHandlerMethod.doInvoke(InvocableHandlerMethod.java:215)\n	at org.springframework.web.method.support.InvocableHandlerMethod.invokeForRequest(InvocableHandlerMethod.java:142)\n	at org.springframework.web.servlet.mvc.method.annotation.ServletInvocableHandlerMethod.invokeAndHandle(ServletInvocableHandlerMethod.java:102)\n	at org.springframework.web.servlet.mvc.method.annotation.RequestMappingHandlerAdapter.invokeHandlerMethod(RequestMappingHandlerAdapter.java:895)\n	at org.springframework.web.servlet.mvc.method.annotation.RequestMappingHandlerAdapter.handleInternal(RequestMappingHandlerAdapter.java:800)\n	at org.springframework.web.servlet.mvc.method.AbstractHandlerMethodAdapter.handle(AbstractHandlerMethodAdapter.java:87)\n	at org.springframework.web.servlet.DispatcherServlet.doDispatch(DispatcherServlet.java:1038)\n	at org.springframework.web.servlet.DispatcherServlet.doService(DispatcherServlet.java:942)\n	at org.springframework.web.servlet.FrameworkServlet.processRequest(FrameworkServlet.java:998)\n	at org.springframework.web.servlet.FrameworkServlet.doPost(FrameworkServlet.java:901)\n	at javax.servlet.http.HttpServlet.service(HttpServlet.java:660)\n	at org.springframework.web.servlet.FrameworkServlet.service(FrameworkServlet.java:875)\n	at javax.servlet.http.HttpServlet.service(HttpServlet.java:741)\n	at org.apache.catalina.core.ApplicationFilterChain.internalDoFilter(ApplicationFilterChain.java:231)\n	at org.apache.catalina.core.ApplicationFilterChain.doFilter(ApplicationFilterChain.java:166)\n	at org.apache.tomcat.websocket.server.WsFilter.doFilter(WsFilter.java:53)\n	at org.apache.catalina.core.ApplicationFilterChain.internalDoFilter(ApplicationFilterChain.java:193)\n	at org.apache.catalina.core.ApplicationFilterChain.doFilter(ApplicationFilterChain.java:166)\n	at org.springframework.web.filter.OncePerRequestFilter.doFilter(OncePerRequestFilter.java:101)\n	at org.apache.catalina.core.ApplicationFilterChain.internalDoFilter(ApplicationFilterChain.java:193)\n	at org.apache.catalina.core.ApplicationFilterChain.doFilter(ApplicationFilterChain.java:166)\n	at com.alibaba.druid.support.http.WebStatFilter.doFilter(WebStatFilter.java:123)\n	at org.apache.catalina.core.ApplicationFilterChain.internalDoFilter(ApplicationFilterChain.java:193)\n	at org.apache.catalina.core.ApplicationFilterChain.doFilter(ApplicationFilterChain.java:166)\n	at org.springframework.security.web.FilterChainProxy$VirtualFilterChain.doFilter(FilterChainProxy.java:320)\n	at org.springframework.security.web.access.intercept.FilterSecurityInterceptor.invoke(FilterSecurityInterceptor.java:127)\n	at org.springframework.security.web.access.intercept.FilterSecurityInterceptor.doFilter(FilterSecurityInterceptor.java:91)\n	at org.springframework.security.web.FilterChainProxy$VirtualFilterChain.doFilter(FilterChainProxy.java:334)\n	at org.springframework.security.web.access.ExceptionTranslationFilter.doFilter(ExceptionTranslationFilter.java:119)\n	at org.springframework.security.web.FilterChainProxy$VirtualFilterChain.doFilter(FilterChainProxy.java:334)\n	at org.springframework.security.web.session.SessionManagementFilter.doFilter(SessionManagementFilter.java:137)\n	at org.springframework.security.web.FilterChainProxy$VirtualFilterChain.doFilter(FilterChainProxy.java:334)\n	at org.springframework.security.web.authentication.AnonymousAuthenticationFilter.doFilter(AnonymousAuthenticationFilter.java:111)\n	at org.springframework.security.web.FilterChainProxy$VirtualFilterChain.doFilter(FilterChainProxy.java:334)\n	at org.springframework.security.web.servletapi.SecurityContextHolderAwareRequestFilter.doFilter(SecurityContextHolderAwareRequestFilter.java:170)\n	at org.springframework.security.web.FilterChainProxy$VirtualFilterChain.doFilter(FilterChainProxy.java:334)\n	at org.springframework.security.web.savedrequest.RequestCacheAwareFilter.doFilter(RequestCacheAwareFilter.java:63)\n	at org.springframework.security.web.FilterChainProxy$VirtualFilterChain.doFilter(FilterChainProxy.java:334)\n	at me.zhengjie.modules.security.security.JwtAuthorizationTokenFilter.doFilterInternal(JwtAuthorizationTokenFilter.java:65)\n	at org.springframework.web.filter.OncePerRequestFilter.doFilter(OncePerRequestFilter.java:107)\n	at org.springframework.security.web.FilterChainProxy$VirtualFilterChain.doFilter(FilterChainProxy.java:334)\n	at org.springframework.security.web.authentication.logout.LogoutFilter.doFilter(LogoutFilter.java:116)\n	at org.springframework.security.web.FilterChainProxy$VirtualFilterChain.doFilter(FilterChainProxy.java:334)\n	at org.springframework.security.web.header.HeaderWriterFilter.doFilterInternal(HeaderWriterFilter.java:66)\n	at org.springframework.web.filter.OncePerRequestFilter.doFilter(OncePerRequestFilter.java:107)\n	at org.springframework.security.web.FilterChainProxy$VirtualFilterChain.doFilter(FilterChainProxy.java:334)\n	at org.springframework.security.web.context.SecurityContextPersistenceFilter.doFilter(SecurityContextPersistenceFilter.java:105)\n	at org.springframework.security.web.FilterChainProxy$VirtualFilterChain.doFilter(FilterChainProxy.java:334)\n	at org.springframework.security.web.context.request.async.WebAsyncManagerIntegrationFilter.doFilterInternal(WebAsyncManagerIntegrationFilter.java:56)\n	at org.springframework.web.filter.OncePerRequestFilter.doFilter(OncePerRequestFilter.java:107)\n	at org.springframework.security.web.FilterChainProxy$VirtualFilterChain.doFilter(FilterChainProxy.java:334)\n	at org.springframework.security.web.FilterChainProxy.doFilterInternal(FilterChainProxy.java:215)\n	at org.springframework.security.web.FilterChainProxy.doFilter(FilterChainProxy.java:178)\n	at org.springframework.web.filter.DelegatingFilterProxy.invokeDelegate(DelegatingFilterProxy.java:357)\n	at org.springframework.web.filter.DelegatingFilterProxy.doFilter(DelegatingFilterProxy.java:270)\n	at org.apache.catalina.core.ApplicationFilterChain.internalDoFilter(ApplicationFilterChain.java:193)\n	at org.apache.catalina.core.ApplicationFilterChain.doFilter(ApplicationFilterChain.java:166)\n	at org.springframework.web.filter.CharacterEncodingFilter.doFilterInternal(CharacterEncodingFilter.java:200)\n	at org.springframework.web.filter.OncePerRequestFilter.doFilter(OncePerRequestFilter.java:107)\n	at org.apache.catalina.core.ApplicationFilterChain.internalDoFilter(ApplicationFilterChain.java:193)\n	at org.apache.catalina.core.ApplicationFilterChain.doFilter(ApplicationFilterChain.java:166)\n	at me.zhengjie.config.SqlLogFilter.doFilter(SqlLogFilter.java:131)\n	at org.apache.catalina.core.ApplicationFilterChain.internalDoFilter(ApplicationFilterChain.java:193)\n	at org.apache.catalina.core.ApplicationFilterChain.doFilter(ApplicationFilterChain.java:166)\n	at org.apache.catalina.core.StandardWrapperValve.invoke(StandardWrapperValve.java:199)\n	at org.apache.catalina.core.StandardContextValve.invoke(StandardContextValve.java:96)\n	at org.apache.catalina.authenticator.AuthenticatorBase.invoke(AuthenticatorBase.java:490)\n	at org.apache.catalina.core.StandardHostValve.invoke(StandardHostValve.java:139)\n	at org.apache.catalina.valves.ErrorReportValve.invoke(ErrorReportValve.java:92)\n	at org.apache.catalina.core.StandardEngineValve.invoke(StandardEngineValve.java:74)\n	at org.apache.catalina.connector.CoyoteAdapter.service(CoyoteAdapter.java:343)\n	at org.apache.coyote.http11.Http11Processor.service(Http11Processor.java:408)\n	at org.apache.coyote.AbstractProcessorLight.process(AbstractProcessorLight.java:66)\n	at org.apache.coyote.AbstractProtocol$ConnectionHandler.process(AbstractProtocol.java:770)\n	at org.apache.tomcat.util.net.NioEndpoint$SocketProcessor.doRun(NioEndpoint.java:1415)\n	at org.apache.tomcat.util.net.SocketProcessorBase.run(SocketProcessorBase.java:49)\n	at java.util.concurrent.ThreadPoolExecutor.runWorker(ThreadPoolExecutor.java:1149)\n	at java.util.concurrent.ThreadPoolExecutor$Worker.run(ThreadPoolExecutor.java:624)\n	at org.apache.tomcat.util.threads.TaskThread$WrappingRunnable.run(TaskThread.java:61)\n	at java.lang.Thread.run(Thread.java:748)\n','ERROR','me.zhengjie.rest.PictureController.upload()','{ file: org.springframework.web.multipart.support.StandardMultipartHttpServletRequest$StandardMultipartFile@ca04c0f }','127.0.0.1',4886,'admin','内网IP'),(14373,'2019-10-24 22:10:55','查询图片',NULL,'INFO','me.zhengjie.rest.PictureController.getRoles()','{ criteria: PictureQueryCriteria(filename=null, username=null) pageable: Page request [number: 0, size 10, sort: id: DESC] }','127.0.0.1',1,'admin','内网IP'),(14374,'2019-10-24 22:10:54','查询图片',NULL,'INFO','me.zhengjie.rest.PictureController.getRoles()','{ criteria: PictureQueryCriteria(filename=null, username=null) pageable: Page request [number: 0, size 10, sort: id: DESC] }','127.0.0.1',2,'admin','内网IP'),(14375,'2019-10-24 22:11:29','配置支付宝',NULL,'INFO','me.zhengjie.rest.AliPayController.payConfig()','{ alipayConfig: AlipayConfig(id=1, appID=2016091700532697, privateKey=MIIEvAIBADANBgkqhkiG9w0BAQEFAASCBKYwggSiAgEAAoIBAQC5js8sInU10AJ0cAQ8UMMyXrQ+oHZEkVt5lBwsStmTJ7YikVYgbskx1YYEXTojRsWCb+SH/kDmDU4pK/u91SJ4KFCRMF2411piYuXU/jF96zKrADznYh/zAraqT6hvAIVtQAlMHN53nx16rLzZ/8jDEkaSwT7+HvHiS+7sxSojnu/3oV7BtgISoUNstmSe8WpWHOaWv19xyS+Mce9MY4BfseFhzTICUymUQdd/8hXA28/H6osUfAgsnxAKv7Wil3aJSgaJczWuflYOve0dJ3InZkhw5Cvr0atwpk8YKBQjy5CdkoHqvkOcIB+cYHXJKzOE5tqU7inSwVbHzOLQ3XbnAgMBAAECggEAVJp5eT0Ixg1eYSqFs9568WdetUNCSUchNxDBu6wxAbhUgfRUGZuJnnAll63OCTGGck+EGkFh48JjRcBpGoeoHLL88QXlZZbC/iLrea6gcDIhuvfzzOffe1RcZtDFEj9hlotg8dQj1tS0gy9pN9g4+EBH7zeu+fyv+qb2e/v1l6FkISXUjpkD7RLQr3ykjiiEw9BpeKb7j5s7Kdx1NNIzhkcQKNqlk8JrTGDNInbDM6inZfwwIO2R1DHinwdfKWkvOTODTYa2MoAvVMFT9Bec9FbLpoWp7ogv1JMV9svgrcF9XLzANZ/OQvkbe9TV9GWYvIbxN6qwQioKCWO4GPnCAQKBgQDgW5MgfhX8yjXqoaUy/d1VjI8dHeIyw8d+OBAYwaxRSlCfyQ+tieWcR2HdTzPca0T0GkWcKZm0ei5xRURgxt4DUDLXNh26HG0qObbtLJdu/AuBUuCqgOiLqJ2f1uIbrz6OZUHns+bT/jGW2Ws8+C13zTCZkZt9CaQsrp3QOGDx5wKBgQDTul39hp3ZPwGNFeZdkGoUoViOSd5Lhowd5wYMGAEXWRLlU8z+smT5v0POz9JnIbCRchIY2FAPKRdVTICzmPk2EPJFxYTcwaNbVqL6lN7J2IlXXMiit5QbiLauo55w7plwV6LQmKm9KV7JsZs5XwqF7CEovI7GevFzyD3w+uizAQKBgC3LY1eRhOlpWOIAhpjG6qOoohmeXOphvdmMlfSHq6WYFqbWwmV4rS5d/6LNpNdL6fItXqIGd8I34jzql49taCmi+A2nlR/E559j0mvM20gjGDIYeZUz5MOE8k+K6/IcrhcgofgqZ2ZED1ksHdB/E8DNWCswZl16V1FrfvjeWSNnAoGAMrBplCrIW5xz+J0Hm9rZKrs+AkK5D4fUv8vxbK/KgxZ2KaUYbNm0xv39c+PZUYuFRCz1HDGdaSPDTE6WeWjkMQd5mS6ikl9hhpqFRkyh0d0fdGToO9yLftQKOGE/q3XUEktI1XvXF0xyPwNgUCnq0QkpHyGVZPtGFxwXiDvpvgECgYA5PoB+nY8iDiRaJNko9w0hL4AeKogwf+4TbCw+KWVEn6jhuJa4LFTdSqp89PktQaoVpwv92el/AhYjWOl/jVCm122f9b7GyoelbjMNolToDwe5pF5RnSpEuDdLy9MfE8LnE3PlbE7E5BipQ3UjSebkgNboLHH/lNZA5qvEtvbfvQ==, publicKey=MIIBIjANBgkqhkiG9w0BAQEFAAOCAQ8AMIIBCgKCAQEAut9evKRuHJ/2QNfDlLwvN/S8l9hRAgPbb0u61bm4AtzaTGsLeMtScetxTWJnVvAVpMS9luhEJjt+Sbk5TNLArsgzzwARgaTKOLMT1TvWAK5EbHyI+eSrc3s7Awe1VYGwcubRFWDm16eQLv0k7iqiw+4mweHSz/wWyvBJVgwLoQ02btVtAQErCfSJCOmt0Q/oJQjj08YNRV4EKzB19+f5A+HQVAKy72dSybTzAK+3FPtTtNen/+b5wGeat7c32dhYHnGorPkPeXLtsqqUTp1su5fMfd4lElNdZaoCI7osZxWWUo17vBCZnyeXc9fk0qwD9mK6yRAxNbrY72Xx5VqIqwIDAQAB, signType=RSA2, gatewayUrl=https://openapi.alipaydev.com/gateway.do, charset=utf-8, notifyUrl=http://api.auauz.net/api/aliPay/notify, returnUrl=http://api.auauz.net/api/aliPay/return, format=JSON, sysServiceProviderId=2088102176044281) }','127.0.0.1',3238,'admin','内网IP'),(14376,'2019-10-24 22:11:35','支付宝PC网页支付',NULL,'INFO','me.zhengjie.rest.AliPayController.toPayAsPC()','{ trade: TradeVo(body=1, subject=1, outTradeNo=201910242211344650, tradeNo=null, totalAmount=1, state=null, createTime=null, cancelTime=null) }','127.0.0.1',38,'admin','内网IP'),(14377,'2019-10-24 22:13:49','查询角色',NULL,'INFO','me.zhengjie.modules.system.rest.RoleController.getRoles()','{ criteria: RoleQueryCriteria(blurry=null) pageable: Page request [number: 0, size 10, sort: level: ASC] }','127.0.0.1',3509,'admin','内网IP'),(14378,'2019-10-24 22:14:00','查询部门',NULL,'INFO','me.zhengjie.modules.system.rest.DeptController.getDepts()','{ criteria: DeptQueryCriteria(ids=[], name=null, enabled=true, pid=null) }','127.0.0.1',15,'admin','内网IP'),(14379,'2019-10-24 22:14:14','修改角色',NULL,'INFO','me.zhengjie.modules.system.rest.RoleController.update()','{ resources: Role{id=4, name=\'普通管理员\', remark=\'普通管理员级别为2，使用该角色新增用户时只能赋予比普通管理员级别低的角色\', createDateTime=null} }','127.0.0.1',5122,'admin','内网IP'),(14380,'2019-10-24 22:14:18','查询角色',NULL,'INFO','me.zhengjie.modules.system.rest.RoleController.getRoles()','{ criteria: RoleQueryCriteria(blurry=null) pageable: Page request [number: 0, size 10, sort: level: ASC] }','127.0.0.1',1756,'admin','内网IP'),(14381,'2019-10-24 22:14:29','修改角色菜单',NULL,'INFO','me.zhengjie.modules.system.rest.RoleController.updateMenu()','{ resources: Role{id=2, name=\'null\', remark=\'null\', createDateTime=null} }','127.0.0.1',4451,'admin','内网IP'),(14382,'2019-10-24 22:14:37','删除角色',NULL,'INFO','me.zhengjie.modules.system.rest.RoleController.delete()','{ id: 5 }','127.0.0.1',1080,'admin','内网IP'),(14383,'2019-10-24 22:14:41','查询角色',NULL,'INFO','me.zhengjie.modules.system.rest.RoleController.getRoles()','{ criteria: RoleQueryCriteria(blurry=null) pageable: Page request [number: 0, size 10, sort: level: ASC] }','127.0.0.1',3163,'admin','内网IP'),(14384,'2019-10-24 22:14:52','查询部门',NULL,'INFO','me.zhengjie.modules.system.rest.DeptController.getDepts()','{ criteria: DeptQueryCriteria(ids=[], name=null, enabled=null, pid=null) }','127.0.0.1',6435,'admin','内网IP'),(14385,'2019-10-24 22:14:56','查询字典详情',NULL,'INFO','me.zhengjie.modules.system.rest.DictDetailController.getDictDetails()','{ criteria: DictDetailQueryCriteria(label=null, dictName=user_status) pageable: Page request [number: 0, size 2000, sort: sort: ASC] }','127.0.0.1',3608,'admin','内网IP'),(14386,'2019-10-24 22:14:56','查询用户',NULL,'INFO','me.zhengjie.modules.system.rest.UserController.getUsers()','{ criteria: UserQueryCriteria(id=null, deptIds=[], blurry=null, enabled=null, deptId=null) pageable: Page request [number: 0, size 10, sort: id: DESC] }','127.0.0.1',3437,'admin','内网IP'),(14387,'2019-10-24 22:15:21','查询部门',NULL,'INFO','me.zhengjie.modules.system.rest.DeptController.getDepts()','{ criteria: DeptQueryCriteria(ids=[], name=null, enabled=true, pid=null) }','127.0.0.1',16,'admin','内网IP'),(14388,'2019-10-24 22:15:21','查询岗位',NULL,'INFO','me.zhengjie.modules.system.rest.JobController.getJobs()','{ criteria: JobQueryCriteria(name=null, enabled=null, deptId=2, deptIds=[]) pageable: Page request [number: 0, size 2000, sort: UNSORTED] }','127.0.0.1',239,'admin','内网IP'),(14389,'2019-10-24 22:15:24','查询部门',NULL,'INFO','me.zhengjie.modules.system.rest.DeptController.getDepts()','{ criteria: DeptQueryCriteria(ids=[], name=null, enabled=true, pid=null) }','127.0.0.1',5,'admin','内网IP'),(14390,'2019-10-24 22:18:45','用户登录',NULL,'INFO','me.zhengjie.modules.security.rest.AuthenticationController.login()','{ authorizationUser: {username=admin, password= ******} }','127.0.0.1',3560,'admin','内网IP'),(14391,'2019-10-24 22:22:04','查询部门',NULL,'INFO','me.zhengjie.modules.system.rest.DeptController.getDepts()','{ criteria: DeptQueryCriteria(ids=[], name=null, enabled=null, pid=null) }','127.0.0.1',19,'admin','内网IP'),(14392,'2019-10-24 22:22:04','查询字典详情',NULL,'INFO','me.zhengjie.modules.system.rest.DictDetailController.getDictDetails()','{ criteria: DictDetailQueryCriteria(label=null, dictName=user_status) pageable: Page request [number: 0, size 2000, sort: sort: ASC] }','127.0.0.1',12,'admin','内网IP'),(14393,'2019-10-24 22:22:08','查询用户',NULL,'INFO','me.zhengjie.modules.system.rest.UserController.getUsers()','{ criteria: UserQueryCriteria(id=null, deptIds=[], blurry=null, enabled=null, deptId=null) pageable: Page request [number: 0, size 10, sort: id: DESC] }','127.0.0.1',3461,'admin','内网IP'),(14394,'2019-10-24 22:24:20','查询图片',NULL,'INFO','me.zhengjie.rest.PictureController.getRoles()','{ criteria: PictureQueryCriteria(filename=null, username=null) pageable: Page request [number: 0, size 10, sort: id: DESC] }','127.0.0.1',16,'admin','内网IP'),(14395,'2019-10-24 22:24:34','上传图片',NULL,'INFO','me.zhengjie.rest.PictureController.upload()','{ file: org.springframework.web.multipart.support.StandardMultipartHttpServletRequest$StandardMultipartFile@789cb36a }','127.0.0.1',9962,'admin','内网IP'),(14396,'2019-10-24 22:24:41','查询图片',NULL,'INFO','me.zhengjie.rest.PictureController.getRoles()','{ criteria: PictureQueryCriteria(filename=null, username=null) pageable: Page request [number: 0, size 10, sort: id: DESC] }','127.0.0.1',3415,'admin','内网IP'),(14397,'2019-10-24 22:24:45','查询图片',NULL,'INFO','me.zhengjie.rest.PictureController.getRoles()','{ criteria: PictureQueryCriteria(filename=null, username=null) pageable: Page request [number: 0, size 10, sort: id: DESC] }','127.0.0.1',5,'admin','内网IP'),(14398,'2019-10-24 22:25:54','查询文件',NULL,'INFO','me.zhengjie.rest.QiniuController.getRoles()','{ criteria: QiniuQueryCriteria(key=null) pageable: Page request [number: 0, size 10, sort: id: DESC] }','127.0.0.1',3596,'admin','内网IP'),(14399,'2019-10-24 22:26:02','上传文件','me.zhengjie.exception.BadRequestException: 请先添加相应配置，再操作\n	at me.zhengjie.service.impl.QiNiuServiceImpl.upload(QiNiuServiceImpl.java:83)\n	at me.zhengjie.service.impl.QiNiuServiceImpl$$FastClassBySpringCGLIB$$4b934b26.invoke(<generated>)\n	at org.springframework.cglib.proxy.MethodProxy.invoke(MethodProxy.java:218)\n	at org.springframework.aop.framework.CglibAopProxy$CglibMethodInvocation.invokeJoinpoint(CglibAopProxy.java:746)\n	at org.springframework.aop.framework.ReflectiveMethodInvocation.proceed(ReflectiveMethodInvocation.java:163)\n	at org.springframework.transaction.interceptor.TransactionAspectSupport.invokeWithinTransaction(TransactionAspectSupport.java:294)\n	at org.springframework.transaction.interceptor.TransactionInterceptor.invoke(TransactionInterceptor.java:98)\n	at org.springframework.aop.framework.ReflectiveMethodInvocation.proceed(ReflectiveMethodInvocation.java:186)\n	at org.springframework.cache.interceptor.CacheInterceptor.lambda$invoke$0(CacheInterceptor.java:53)\n	at org.springframework.cache.interceptor.CacheAspectSupport.invokeOperation(CacheAspectSupport.java:365)\n	at org.springframework.cache.interceptor.CacheAspectSupport.execute(CacheAspectSupport.java:420)\n	at org.springframework.cache.interceptor.CacheAspectSupport.execute(CacheAspectSupport.java:345)\n	at org.springframework.cache.interceptor.CacheInterceptor.invoke(CacheInterceptor.java:61)\n	at org.springframework.aop.framework.ReflectiveMethodInvocation.proceed(ReflectiveMethodInvocation.java:186)\n	at org.springframework.aop.framework.CglibAopProxy$DynamicAdvisedInterceptor.intercept(CglibAopProxy.java:688)\n	at me.zhengjie.service.impl.QiNiuServiceImpl$$EnhancerBySpringCGLIB$$7352c00c.upload(<generated>)\n	at me.zhengjie.rest.QiniuController.upload(QiniuController.java:59)\n	at me.zhengjie.rest.QiniuController$$FastClassBySpringCGLIB$$a253f306.invoke(<generated>)\n	at org.springframework.cglib.proxy.MethodProxy.invoke(MethodProxy.java:218)\n	at org.springframework.aop.framework.CglibAopProxy$CglibMethodInvocation.invokeJoinpoint(CglibAopProxy.java:746)\n	at org.springframework.aop.framework.ReflectiveMethodInvocation.proceed(ReflectiveMethodInvocation.java:163)\n	at org.springframework.aop.aspectj.MethodInvocationProceedingJoinPoint.proceed(MethodInvocationProceedingJoinPoint.java:88)\n	at me.zhengjie.aspect.LogAspect.logAround(LogAspect.java:53)\n	at sun.reflect.NativeMethodAccessorImpl.invoke0(Native Method)\n	at sun.reflect.NativeMethodAccessorImpl.invoke(NativeMethodAccessorImpl.java:62)\n	at sun.reflect.DelegatingMethodAccessorImpl.invoke(DelegatingMethodAccessorImpl.java:43)\n	at java.lang.reflect.Method.invoke(Method.java:498)\n	at org.springframework.aop.aspectj.AbstractAspectJAdvice.invokeAdviceMethodWithGivenArgs(AbstractAspectJAdvice.java:644)\n	at org.springframework.aop.aspectj.AbstractAspectJAdvice.invokeAdviceMethod(AbstractAspectJAdvice.java:633)\n	at org.springframework.aop.aspectj.AspectJAroundAdvice.invoke(AspectJAroundAdvice.java:70)\n	at org.springframework.aop.framework.ReflectiveMethodInvocation.proceed(ReflectiveMethodInvocation.java:175)\n	at org.springframework.aop.aspectj.AspectJAfterThrowingAdvice.invoke(AspectJAfterThrowingAdvice.java:62)\n	at org.springframework.aop.framework.ReflectiveMethodInvocation.proceed(ReflectiveMethodInvocation.java:175)\n	at org.springframework.aop.interceptor.ExposeInvocationInterceptor.invoke(ExposeInvocationInterceptor.java:93)\n	at org.springframework.aop.framework.ReflectiveMethodInvocation.proceed(ReflectiveMethodInvocation.java:186)\n	at org.springframework.aop.framework.CglibAopProxy$DynamicAdvisedInterceptor.intercept(CglibAopProxy.java:688)\n	at me.zhengjie.rest.QiniuController$$EnhancerBySpringCGLIB$$9b542fe3.upload(<generated>)\n	at sun.reflect.NativeMethodAccessorImpl.invoke0(Native Method)\n	at sun.reflect.NativeMethodAccessorImpl.invoke(NativeMethodAccessorImpl.java:62)\n	at sun.reflect.DelegatingMethodAccessorImpl.invoke(DelegatingMethodAccessorImpl.java:43)\n	at java.lang.reflect.Method.invoke(Method.java:498)\n	at org.springframework.web.method.support.InvocableHandlerMethod.doInvoke(InvocableHandlerMethod.java:215)\n	at org.springframework.web.method.support.InvocableHandlerMethod.invokeForRequest(InvocableHandlerMethod.java:142)\n	at org.springframework.web.servlet.mvc.method.annotation.ServletInvocableHandlerMethod.invokeAndHandle(ServletInvocableHandlerMethod.java:102)\n	at org.springframework.web.servlet.mvc.method.annotation.RequestMappingHandlerAdapter.invokeHandlerMethod(RequestMappingHandlerAdapter.java:895)\n	at org.springframework.web.servlet.mvc.method.annotation.RequestMappingHandlerAdapter.handleInternal(RequestMappingHandlerAdapter.java:800)\n	at org.springframework.web.servlet.mvc.method.AbstractHandlerMethodAdapter.handle(AbstractHandlerMethodAdapter.java:87)\n	at org.springframework.web.servlet.DispatcherServlet.doDispatch(DispatcherServlet.java:1038)\n	at org.springframework.web.servlet.DispatcherServlet.doService(DispatcherServlet.java:942)\n	at org.springframework.web.servlet.FrameworkServlet.processRequest(FrameworkServlet.java:998)\n	at org.springframework.web.servlet.FrameworkServlet.doPost(FrameworkServlet.java:901)\n	at javax.servlet.http.HttpServlet.service(HttpServlet.java:660)\n	at org.springframework.web.servlet.FrameworkServlet.service(FrameworkServlet.java:875)\n	at javax.servlet.http.HttpServlet.service(HttpServlet.java:741)\n	at org.apache.catalina.core.ApplicationFilterChain.internalDoFilter(ApplicationFilterChain.java:231)\n	at org.apache.catalina.core.ApplicationFilterChain.doFilter(ApplicationFilterChain.java:166)\n	at org.apache.tomcat.websocket.server.WsFilter.doFilter(WsFilter.java:53)\n	at org.apache.catalina.core.ApplicationFilterChain.internalDoFilter(ApplicationFilterChain.java:193)\n	at org.apache.catalina.core.ApplicationFilterChain.doFilter(ApplicationFilterChain.java:166)\n	at org.springframework.web.filter.OncePerRequestFilter.doFilter(OncePerRequestFilter.java:101)\n	at org.apache.catalina.core.ApplicationFilterChain.internalDoFilter(ApplicationFilterChain.java:193)\n	at org.apache.catalina.core.ApplicationFilterChain.doFilter(ApplicationFilterChain.java:166)\n	at com.alibaba.druid.support.http.WebStatFilter.doFilter(WebStatFilter.java:123)\n	at org.apache.catalina.core.ApplicationFilterChain.internalDoFilter(ApplicationFilterChain.java:193)\n	at org.apache.catalina.core.ApplicationFilterChain.doFilter(ApplicationFilterChain.java:166)\n	at org.springframework.security.web.FilterChainProxy$VirtualFilterChain.doFilter(FilterChainProxy.java:320)\n	at org.springframework.security.web.access.intercept.FilterSecurityInterceptor.invoke(FilterSecurityInterceptor.java:127)\n	at org.springframework.security.web.access.intercept.FilterSecurityInterceptor.doFilter(FilterSecurityInterceptor.java:91)\n	at org.springframework.security.web.FilterChainProxy$VirtualFilterChain.doFilter(FilterChainProxy.java:334)\n	at org.springframework.security.web.access.ExceptionTranslationFilter.doFilter(ExceptionTranslationFilter.java:119)\n	at org.springframework.security.web.FilterChainProxy$VirtualFilterChain.doFilter(FilterChainProxy.java:334)\n	at org.springframework.security.web.session.SessionManagementFilter.doFilter(SessionManagementFilter.java:137)\n	at org.springframework.security.web.FilterChainProxy$VirtualFilterChain.doFilter(FilterChainProxy.java:334)\n	at org.springframework.security.web.authentication.AnonymousAuthenticationFilter.doFilter(AnonymousAuthenticationFilter.java:111)\n	at org.springframework.security.web.FilterChainProxy$VirtualFilterChain.doFilter(FilterChainProxy.java:334)\n	at org.springframework.security.web.servletapi.SecurityContextHolderAwareRequestFilter.doFilter(SecurityContextHolderAwareRequestFilter.java:170)\n	at org.springframework.security.web.FilterChainProxy$VirtualFilterChain.doFilter(FilterChainProxy.java:334)\n	at org.springframework.security.web.savedrequest.RequestCacheAwareFilter.doFilter(RequestCacheAwareFilter.java:63)\n	at org.springframework.security.web.FilterChainProxy$VirtualFilterChain.doFilter(FilterChainProxy.java:334)\n	at me.zhengjie.modules.security.security.JwtAuthorizationTokenFilter.doFilterInternal(JwtAuthorizationTokenFilter.java:65)\n	at org.springframework.web.filter.OncePerRequestFilter.doFilter(OncePerRequestFilter.java:107)\n	at org.springframework.security.web.FilterChainProxy$VirtualFilterChain.doFilter(FilterChainProxy.java:334)\n	at org.springframework.security.web.authentication.logout.LogoutFilter.doFilter(LogoutFilter.java:116)\n	at org.springframework.security.web.FilterChainProxy$VirtualFilterChain.doFilter(FilterChainProxy.java:334)\n	at org.springframework.security.web.header.HeaderWriterFilter.doFilterInternal(HeaderWriterFilter.java:66)\n	at org.springframework.web.filter.OncePerRequestFilter.doFilter(OncePerRequestFilter.java:107)\n	at org.springframework.security.web.FilterChainProxy$VirtualFilterChain.doFilter(FilterChainProxy.java:334)\n	at org.springframework.security.web.context.SecurityContextPersistenceFilter.doFilter(SecurityContextPersistenceFilter.java:105)\n	at org.springframework.security.web.FilterChainProxy$VirtualFilterChain.doFilter(FilterChainProxy.java:334)\n	at org.springframework.security.web.context.request.async.WebAsyncManagerIntegrationFilter.doFilterInternal(WebAsyncManagerIntegrationFilter.java:56)\n	at org.springframework.web.filter.OncePerRequestFilter.doFilter(OncePerRequestFilter.java:107)\n	at org.springframework.security.web.FilterChainProxy$VirtualFilterChain.doFilter(FilterChainProxy.java:334)\n	at org.springframework.security.web.FilterChainProxy.doFilterInternal(FilterChainProxy.java:215)\n	at org.springframework.security.web.FilterChainProxy.doFilter(FilterChainProxy.java:178)\n	at org.springframework.web.filter.DelegatingFilterProxy.invokeDelegate(DelegatingFilterProxy.java:357)\n	at org.springframework.web.filter.DelegatingFilterProxy.doFilter(DelegatingFilterProxy.java:270)\n	at org.apache.catalina.core.ApplicationFilterChain.internalDoFilter(ApplicationFilterChain.java:193)\n	at org.apache.catalina.core.ApplicationFilterChain.doFilter(ApplicationFilterChain.java:166)\n	at org.springframework.web.filter.CharacterEncodingFilter.doFilterInternal(CharacterEncodingFilter.java:200)\n	at org.springframework.web.filter.OncePerRequestFilter.doFilter(OncePerRequestFilter.java:107)\n	at org.apache.catalina.core.ApplicationFilterChain.internalDoFilter(ApplicationFilterChain.java:193)\n	at org.apache.catalina.core.ApplicationFilterChain.doFilter(ApplicationFilterChain.java:166)\n	at me.zhengjie.config.SqlLogFilter.doFilter(SqlLogFilter.java:131)\n	at org.apache.catalina.core.ApplicationFilterChain.internalDoFilter(ApplicationFilterChain.java:193)\n	at org.apache.catalina.core.ApplicationFilterChain.doFilter(ApplicationFilterChain.java:166)\n	at org.apache.catalina.core.StandardWrapperValve.invoke(StandardWrapperValve.java:199)\n	at org.apache.catalina.core.StandardContextValve.invoke(StandardContextValve.java:96)\n	at org.apache.catalina.authenticator.AuthenticatorBase.invoke(AuthenticatorBase.java:490)\n	at org.apache.catalina.core.StandardHostValve.invoke(StandardHostValve.java:139)\n	at org.apache.catalina.valves.ErrorReportValve.invoke(ErrorReportValve.java:92)\n	at org.apache.catalina.core.StandardEngineValve.invoke(StandardEngineValve.java:74)\n	at org.apache.catalina.connector.CoyoteAdapter.service(CoyoteAdapter.java:343)\n	at org.apache.coyote.http11.Http11Processor.service(Http11Processor.java:408)\n	at org.apache.coyote.AbstractProcessorLight.process(AbstractProcessorLight.java:66)\n	at org.apache.coyote.AbstractProtocol$ConnectionHandler.process(AbstractProtocol.java:770)\n	at org.apache.tomcat.util.net.NioEndpoint$SocketProcessor.doRun(NioEndpoint.java:1415)\n	at org.apache.tomcat.util.net.SocketProcessorBase.run(SocketProcessorBase.java:49)\n	at java.util.concurrent.ThreadPoolExecutor.runWorker(ThreadPoolExecutor.java:1149)\n	at java.util.concurrent.ThreadPoolExecutor$Worker.run(ThreadPoolExecutor.java:624)\n	at org.apache.tomcat.util.threads.TaskThread$WrappingRunnable.run(TaskThread.java:61)\n	at java.lang.Thread.run(Thread.java:748)\n','ERROR','me.zhengjie.rest.QiniuController.upload()','{ file: org.springframework.web.multipart.support.StandardMultipartHttpServletRequest$StandardMultipartFile@2e31425b }','127.0.0.1',1673,'admin','内网IP'),(14400,'2019-10-24 22:26:06','查询文件',NULL,'INFO','me.zhengjie.rest.QiniuController.getRoles()','{ criteria: QiniuQueryCriteria(key=null) pageable: Page request [number: 0, size 10, sort: id: DESC] }','127.0.0.1',4,'admin','内网IP'),(14401,'2019-10-24 22:26:06','查询文件',NULL,'INFO','me.zhengjie.rest.QiniuController.getRoles()','{ criteria: QiniuQueryCriteria(key=null) pageable: Page request [number: 0, size 10, sort: id: DESC] }','127.0.0.1',2,'admin','内网IP'),(14402,'2019-10-24 22:26:10','同步七牛云数据','me.zhengjie.exception.BadRequestException: 请先添加相应配置，再操作\n	at me.zhengjie.service.impl.QiNiuServiceImpl.synchronize(QiNiuServiceImpl.java:157)\n	at me.zhengjie.service.impl.QiNiuServiceImpl$$FastClassBySpringCGLIB$$4b934b26.invoke(<generated>)\n	at org.springframework.cglib.proxy.MethodProxy.invoke(MethodProxy.java:218)\n	at org.springframework.aop.framework.CglibAopProxy$CglibMethodInvocation.invokeJoinpoint(CglibAopProxy.java:746)\n	at org.springframework.aop.framework.ReflectiveMethodInvocation.proceed(ReflectiveMethodInvocation.java:163)\n	at org.springframework.transaction.interceptor.TransactionAspectSupport.invokeWithinTransaction(TransactionAspectSupport.java:294)\n	at org.springframework.transaction.interceptor.TransactionInterceptor.invoke(TransactionInterceptor.java:98)\n	at org.springframework.aop.framework.ReflectiveMethodInvocation.proceed(ReflectiveMethodInvocation.java:186)\n	at org.springframework.cache.interceptor.CacheInterceptor.lambda$invoke$0(CacheInterceptor.java:53)\n	at org.springframework.cache.interceptor.CacheAspectSupport.invokeOperation(CacheAspectSupport.java:365)\n	at org.springframework.cache.interceptor.CacheAspectSupport.execute(CacheAspectSupport.java:420)\n	at org.springframework.cache.interceptor.CacheAspectSupport.execute(CacheAspectSupport.java:345)\n	at org.springframework.cache.interceptor.CacheInterceptor.invoke(CacheInterceptor.java:61)\n	at org.springframework.aop.framework.ReflectiveMethodInvocation.proceed(ReflectiveMethodInvocation.java:186)\n	at org.springframework.aop.framework.CglibAopProxy$DynamicAdvisedInterceptor.intercept(CglibAopProxy.java:688)\n	at me.zhengjie.service.impl.QiNiuServiceImpl$$EnhancerBySpringCGLIB$$7352c00c.synchronize(<generated>)\n	at me.zhengjie.rest.QiniuController.synchronize(QiniuController.java:75)\n	at me.zhengjie.rest.QiniuController$$FastClassBySpringCGLIB$$a253f306.invoke(<generated>)\n	at org.springframework.cglib.proxy.MethodProxy.invoke(MethodProxy.java:218)\n	at org.springframework.aop.framework.CglibAopProxy$CglibMethodInvocation.invokeJoinpoint(CglibAopProxy.java:746)\n	at org.springframework.aop.framework.ReflectiveMethodInvocation.proceed(ReflectiveMethodInvocation.java:163)\n	at org.springframework.aop.aspectj.MethodInvocationProceedingJoinPoint.proceed(MethodInvocationProceedingJoinPoint.java:88)\n	at me.zhengjie.aspect.LogAspect.logAround(LogAspect.java:53)\n	at sun.reflect.NativeMethodAccessorImpl.invoke0(Native Method)\n	at sun.reflect.NativeMethodAccessorImpl.invoke(NativeMethodAccessorImpl.java:62)\n	at sun.reflect.DelegatingMethodAccessorImpl.invoke(DelegatingMethodAccessorImpl.java:43)\n	at java.lang.reflect.Method.invoke(Method.java:498)\n	at org.springframework.aop.aspectj.AbstractAspectJAdvice.invokeAdviceMethodWithGivenArgs(AbstractAspectJAdvice.java:644)\n	at org.springframework.aop.aspectj.AbstractAspectJAdvice.invokeAdviceMethod(AbstractAspectJAdvice.java:633)\n	at org.springframework.aop.aspectj.AspectJAroundAdvice.invoke(AspectJAroundAdvice.java:70)\n	at org.springframework.aop.framework.ReflectiveMethodInvocation.proceed(ReflectiveMethodInvocation.java:175)\n	at org.springframework.aop.aspectj.AspectJAfterThrowingAdvice.invoke(AspectJAfterThrowingAdvice.java:62)\n	at org.springframework.aop.framework.ReflectiveMethodInvocation.proceed(ReflectiveMethodInvocation.java:175)\n	at org.springframework.aop.interceptor.ExposeInvocationInterceptor.invoke(ExposeInvocationInterceptor.java:93)\n	at org.springframework.aop.framework.ReflectiveMethodInvocation.proceed(ReflectiveMethodInvocation.java:186)\n	at org.springframework.aop.framework.CglibAopProxy$DynamicAdvisedInterceptor.intercept(CglibAopProxy.java:688)\n	at me.zhengjie.rest.QiniuController$$EnhancerBySpringCGLIB$$9b542fe3.synchronize(<generated>)\n	at sun.reflect.NativeMethodAccessorImpl.invoke0(Native Method)\n	at sun.reflect.NativeMethodAccessorImpl.invoke(NativeMethodAccessorImpl.java:62)\n	at sun.reflect.DelegatingMethodAccessorImpl.invoke(DelegatingMethodAccessorImpl.java:43)\n	at java.lang.reflect.Method.invoke(Method.java:498)\n	at org.springframework.web.method.support.InvocableHandlerMethod.doInvoke(InvocableHandlerMethod.java:215)\n	at org.springframework.web.method.support.InvocableHandlerMethod.invokeForRequest(InvocableHandlerMethod.java:142)\n	at org.springframework.web.servlet.mvc.method.annotation.ServletInvocableHandlerMethod.invokeAndHandle(ServletInvocableHandlerMethod.java:102)\n	at org.springframework.web.servlet.mvc.method.annotation.RequestMappingHandlerAdapter.invokeHandlerMethod(RequestMappingHandlerAdapter.java:895)\n	at org.springframework.web.servlet.mvc.method.annotation.RequestMappingHandlerAdapter.handleInternal(RequestMappingHandlerAdapter.java:800)\n	at org.springframework.web.servlet.mvc.method.AbstractHandlerMethodAdapter.handle(AbstractHandlerMethodAdapter.java:87)\n	at org.springframework.web.servlet.DispatcherServlet.doDispatch(DispatcherServlet.java:1038)\n	at org.springframework.web.servlet.DispatcherServlet.doService(DispatcherServlet.java:942)\n	at org.springframework.web.servlet.FrameworkServlet.processRequest(FrameworkServlet.java:998)\n	at org.springframework.web.servlet.FrameworkServlet.doPost(FrameworkServlet.java:901)\n	at javax.servlet.http.HttpServlet.service(HttpServlet.java:660)\n	at org.springframework.web.servlet.FrameworkServlet.service(FrameworkServlet.java:875)\n	at javax.servlet.http.HttpServlet.service(HttpServlet.java:741)\n	at org.apache.catalina.core.ApplicationFilterChain.internalDoFilter(ApplicationFilterChain.java:231)\n	at org.apache.catalina.core.ApplicationFilterChain.doFilter(ApplicationFilterChain.java:166)\n	at org.apache.tomcat.websocket.server.WsFilter.doFilter(WsFilter.java:53)\n	at org.apache.catalina.core.ApplicationFilterChain.internalDoFilter(ApplicationFilterChain.java:193)\n	at org.apache.catalina.core.ApplicationFilterChain.doFilter(ApplicationFilterChain.java:166)\n	at org.springframework.web.filter.OncePerRequestFilter.doFilter(OncePerRequestFilter.java:101)\n	at org.apache.catalina.core.ApplicationFilterChain.internalDoFilter(ApplicationFilterChain.java:193)\n	at org.apache.catalina.core.ApplicationFilterChain.doFilter(ApplicationFilterChain.java:166)\n	at com.alibaba.druid.support.http.WebStatFilter.doFilter(WebStatFilter.java:123)\n	at org.apache.catalina.core.ApplicationFilterChain.internalDoFilter(ApplicationFilterChain.java:193)\n	at org.apache.catalina.core.ApplicationFilterChain.doFilter(ApplicationFilterChain.java:166)\n	at org.springframework.security.web.FilterChainProxy$VirtualFilterChain.doFilter(FilterChainProxy.java:320)\n	at org.springframework.security.web.access.intercept.FilterSecurityInterceptor.invoke(FilterSecurityInterceptor.java:127)\n	at org.springframework.security.web.access.intercept.FilterSecurityInterceptor.doFilter(FilterSecurityInterceptor.java:91)\n	at org.springframework.security.web.FilterChainProxy$VirtualFilterChain.doFilter(FilterChainProxy.java:334)\n	at org.springframework.security.web.access.ExceptionTranslationFilter.doFilter(ExceptionTranslationFilter.java:119)\n	at org.springframework.security.web.FilterChainProxy$VirtualFilterChain.doFilter(FilterChainProxy.java:334)\n	at org.springframework.security.web.session.SessionManagementFilter.doFilter(SessionManagementFilter.java:137)\n	at org.springframework.security.web.FilterChainProxy$VirtualFilterChain.doFilter(FilterChainProxy.java:334)\n	at org.springframework.security.web.authentication.AnonymousAuthenticationFilter.doFilter(AnonymousAuthenticationFilter.java:111)\n	at org.springframework.security.web.FilterChainProxy$VirtualFilterChain.doFilter(FilterChainProxy.java:334)\n	at org.springframework.security.web.servletapi.SecurityContextHolderAwareRequestFilter.doFilter(SecurityContextHolderAwareRequestFilter.java:170)\n	at org.springframework.security.web.FilterChainProxy$VirtualFilterChain.doFilter(FilterChainProxy.java:334)\n	at org.springframework.security.web.savedrequest.RequestCacheAwareFilter.doFilter(RequestCacheAwareFilter.java:63)\n	at org.springframework.security.web.FilterChainProxy$VirtualFilterChain.doFilter(FilterChainProxy.java:334)\n	at me.zhengjie.modules.security.security.JwtAuthorizationTokenFilter.doFilterInternal(JwtAuthorizationTokenFilter.java:65)\n	at org.springframework.web.filter.OncePerRequestFilter.doFilter(OncePerRequestFilter.java:107)\n	at org.springframework.security.web.FilterChainProxy$VirtualFilterChain.doFilter(FilterChainProxy.java:334)\n	at org.springframework.security.web.authentication.logout.LogoutFilter.doFilter(LogoutFilter.java:116)\n	at org.springframework.security.web.FilterChainProxy$VirtualFilterChain.doFilter(FilterChainProxy.java:334)\n	at org.springframework.security.web.header.HeaderWriterFilter.doFilterInternal(HeaderWriterFilter.java:66)\n	at org.springframework.web.filter.OncePerRequestFilter.doFilter(OncePerRequestFilter.java:107)\n	at org.springframework.security.web.FilterChainProxy$VirtualFilterChain.doFilter(FilterChainProxy.java:334)\n	at org.springframework.security.web.context.SecurityContextPersistenceFilter.doFilter(SecurityContextPersistenceFilter.java:105)\n	at org.springframework.security.web.FilterChainProxy$VirtualFilterChain.doFilter(FilterChainProxy.java:334)\n	at org.springframework.security.web.context.request.async.WebAsyncManagerIntegrationFilter.doFilterInternal(WebAsyncManagerIntegrationFilter.java:56)\n	at org.springframework.web.filter.OncePerRequestFilter.doFilter(OncePerRequestFilter.java:107)\n	at org.springframework.security.web.FilterChainProxy$VirtualFilterChain.doFilter(FilterChainProxy.java:334)\n	at org.springframework.security.web.FilterChainProxy.doFilterInternal(FilterChainProxy.java:215)\n	at org.springframework.security.web.FilterChainProxy.doFilter(FilterChainProxy.java:178)\n	at org.springframework.web.filter.DelegatingFilterProxy.invokeDelegate(DelegatingFilterProxy.java:357)\n	at org.springframework.web.filter.DelegatingFilterProxy.doFilter(DelegatingFilterProxy.java:270)\n	at org.apache.catalina.core.ApplicationFilterChain.internalDoFilter(ApplicationFilterChain.java:193)\n	at org.apache.catalina.core.ApplicationFilterChain.doFilter(ApplicationFilterChain.java:166)\n	at org.springframework.web.filter.CharacterEncodingFilter.doFilterInternal(CharacterEncodingFilter.java:200)\n	at org.springframework.web.filter.OncePerRequestFilter.doFilter(OncePerRequestFilter.java:107)\n	at org.apache.catalina.core.ApplicationFilterChain.internalDoFilter(ApplicationFilterChain.java:193)\n	at org.apache.catalina.core.ApplicationFilterChain.doFilter(ApplicationFilterChain.java:166)\n	at me.zhengjie.config.SqlLogFilter.doFilter(SqlLogFilter.java:131)\n	at org.apache.catalina.core.ApplicationFilterChain.internalDoFilter(ApplicationFilterChain.java:193)\n	at org.apache.catalina.core.ApplicationFilterChain.doFilter(ApplicationFilterChain.java:166)\n	at org.apache.catalina.core.StandardWrapperValve.invoke(StandardWrapperValve.java:199)\n	at org.apache.catalina.core.StandardContextValve.invoke(StandardContextValve.java:96)\n	at org.apache.catalina.authenticator.AuthenticatorBase.invoke(AuthenticatorBase.java:490)\n	at org.apache.catalina.core.StandardHostValve.invoke(StandardHostValve.java:139)\n	at org.apache.catalina.valves.ErrorReportValve.invoke(ErrorReportValve.java:92)\n	at org.apache.catalina.core.StandardEngineValve.invoke(StandardEngineValve.java:74)\n	at org.apache.catalina.connector.CoyoteAdapter.service(CoyoteAdapter.java:343)\n	at org.apache.coyote.http11.Http11Processor.service(Http11Processor.java:408)\n	at org.apache.coyote.AbstractProcessorLight.process(AbstractProcessorLight.java:66)\n	at org.apache.coyote.AbstractProtocol$ConnectionHandler.process(AbstractProtocol.java:770)\n	at org.apache.tomcat.util.net.NioEndpoint$SocketProcessor.doRun(NioEndpoint.java:1415)\n	at org.apache.tomcat.util.net.SocketProcessorBase.run(SocketProcessorBase.java:49)\n	at java.util.concurrent.ThreadPoolExecutor.runWorker(ThreadPoolExecutor.java:1149)\n	at java.util.concurrent.ThreadPoolExecutor$Worker.run(ThreadPoolExecutor.java:624)\n	at org.apache.tomcat.util.threads.TaskThread$WrappingRunnable.run(TaskThread.java:61)\n	at java.lang.Thread.run(Thread.java:748)\n','ERROR','me.zhengjie.rest.QiniuController.synchronize()','{ }','127.0.0.1',3329,'admin','内网IP'),(14403,'2019-10-24 22:28:09','查询字典',NULL,'INFO','me.zhengjie.modules.system.rest.DictController.getDicts()','{ resources: DictQueryCriteria(blurry=null) pageable: Page request [number: 0, size 10, sort: id: DESC] }','127.0.0.1',16,'admin','内网IP'),(14404,'2019-10-24 22:28:10','查询字典详情',NULL,'INFO','me.zhengjie.modules.system.rest.DictDetailController.getDictDetails()','{ criteria: DictDetailQueryCriteria(label=null, dictName=job_status) pageable: Page request [number: 0, size 10, sort: sort: ASC] }','127.0.0.1',13,'admin','内网IP'),(14405,'2019-10-24 22:28:18','查询字典',NULL,'INFO','me.zhengjie.modules.system.rest.DictController.getDicts()','{ resources: DictQueryCriteria(blurry=状态) pageable: Page request [number: 0, size 10, sort: id: DESC] }','127.0.0.1',3804,'admin','内网IP'),(14406,'2019-10-24 22:28:21','查询字典详情',NULL,'INFO','me.zhengjie.modules.system.rest.DictDetailController.getDictDetails()','{ criteria: DictDetailQueryCriteria(label=null, dictName=job_status) pageable: Page request [number: 0, size 10, sort: sort: ASC] }','127.0.0.1',5,'admin','内网IP'),(14407,'2019-10-24 22:28:25','修改字典',NULL,'INFO','me.zhengjie.modules.system.rest.DictController.update()','{ resources: Dict(id=5, name=job_status, remark=岗位状态1, dictDetails=null) }','127.0.0.1',3359,'admin','内网IP'),(14408,'2019-10-24 22:28:29','查询字典',NULL,'INFO','me.zhengjie.modules.system.rest.DictController.getDicts()','{ resources: DictQueryCriteria(blurry=状态) pageable: Page request [number: 0, size 10, sort: id: DESC] }','127.0.0.1',4222,'admin','内网IP'),(14409,'2019-10-24 22:28:33','查询字典详情',NULL,'INFO','me.zhengjie.modules.system.rest.DictDetailController.getDictDetails()','{ criteria: DictDetailQueryCriteria(label=null, dictName=job_status) pageable: Page request [number: 0, size 10, sort: sort: ASC] }','127.0.0.1',1,'admin','内网IP'),(14410,'2019-10-24 22:28:41','查询字典详情',NULL,'INFO','me.zhengjie.modules.system.rest.DictDetailController.getDictDetails()','{ criteria: DictDetailQueryCriteria(label=1, dictName=job_status) pageable: Page request [number: 0, size 10, sort: sort: ASC] }','127.0.0.1',3424,'admin','内网IP'),(14411,'2019-10-24 22:29:42','修改字典详情',NULL,'INFO','me.zhengjie.modules.system.rest.DictDetailController.update()','{ resources: DictDetail(id=16, label=11, value=, sort=999, dict=Dict(id=5, name=null, remark=null, dictDetails=null)) }','127.0.0.1',3378,'admin','内网IP'),(14412,'2019-10-24 22:29:45','查询字典详情',NULL,'INFO','me.zhengjie.modules.system.rest.DictDetailController.getDictDetails()','{ criteria: DictDetailQueryCriteria(label=1, dictName=job_status) pageable: Page request [number: 0, size 10, sort: sort: ASC] }','127.0.0.1',4199,'admin','内网IP'),(14413,'2019-10-24 22:29:54','删除字典详情',NULL,'INFO','me.zhengjie.modules.system.rest.DictDetailController.delete()','{ id: 16 }','127.0.0.1',3411,'admin','内网IP'),(14414,'2019-10-24 22:46:15','查询字典详情',NULL,'INFO','me.zhengjie.modules.system.rest.DictDetailController.getDictDetails()','{ criteria: DictDetailQueryCriteria(label=1, dictName=dept_status) pageable: Page request [number: 0, size 10, sort: sort: ASC] }','127.0.0.1',3633,'admin','内网IP'),(14415,'2019-10-24 22:46:27','查询角色',NULL,'INFO','me.zhengjie.modules.system.rest.RoleController.getRoles()','{ criteria: RoleQueryCriteria(blurry=null) pageable: Page request [number: 0, size 10, sort: level: ASC] }','127.0.0.1',20,'admin','内网IP'),(14416,'2019-10-24 22:46:35','查询部门',NULL,'INFO','me.zhengjie.modules.system.rest.DeptController.getDepts()','{ criteria: DeptQueryCriteria(ids=[], name=null, enabled=true, pid=null) }','127.0.0.1',20,'admin','内网IP'),(14417,'2019-10-24 22:46:51','查询字典',NULL,'INFO','me.zhengjie.modules.system.rest.DictController.getDicts()','{ resources: DictQueryCriteria(blurry=null) pageable: Page request [number: 0, size 10, sort: id: DESC] }','127.0.0.1',3620,'admin','内网IP'),(14418,'2019-10-24 22:46:54','查询字典详情',NULL,'INFO','me.zhengjie.modules.system.rest.DictDetailController.getDictDetails()','{ criteria: DictDetailQueryCriteria(label=1, dictName=job_status) pageable: Page request [number: 0, size 10, sort: sort: ASC] }','127.0.0.1',2,'admin','内网IP'),(14419,'2019-10-24 22:46:54','查询字典详情',NULL,'INFO','me.zhengjie.modules.system.rest.DictDetailController.getDictDetails()','{ criteria: DictDetailQueryCriteria(label=null, dictName=job_status) pageable: Page request [number: 0, size 10, sort: sort: ASC] }','127.0.0.1',2573,'admin','内网IP'),(14420,'2019-10-24 22:46:54','查询字典详情',NULL,'INFO','me.zhengjie.modules.system.rest.DictDetailController.getDictDetails()','{ criteria: DictDetailQueryCriteria(label=1, dictName=job_status) pageable: Page request [number: 0, size 10, sort: sort: ASC] }','127.0.0.1',2,'admin','内网IP'),(14421,'2019-10-24 22:47:01','查询字典详情',NULL,'INFO','me.zhengjie.modules.system.rest.DictDetailController.getDictDetails()','{ criteria: DictDetailQueryCriteria(label=1, dictName=dept_status) pageable: Page request [number: 0, size 10, sort: sort: ASC] }','127.0.0.1',4,'admin','内网IP'),(14422,'2019-10-24 22:47:11','新增字典详情',NULL,'INFO','me.zhengjie.modules.system.rest.DictDetailController.create()','{ resources: DictDetail(id=17, label=111, value=, sort=999, dict=Dict(id=4, name=null, remark=null, dictDetails=null)) }','127.0.0.1',5039,'admin','内网IP'),(14423,'2019-10-24 22:47:15','查询字典详情',NULL,'INFO','me.zhengjie.modules.system.rest.DictDetailController.getDictDetails()','{ criteria: DictDetailQueryCriteria(label=null, dictName=dept_status) pageable: Page request [number: 0, size 10, sort: sort: ASC] }','127.0.0.1',3363,'admin','内网IP'),(14424,'2019-10-24 22:47:15','查询字典详情',NULL,'INFO','me.zhengjie.modules.system.rest.DictDetailController.getDictDetails()','{ criteria: DictDetailQueryCriteria(label=null, dictName=dept_status) pageable: Page request [number: 0, size 10, sort: sort: ASC] }','127.0.0.1',1902,'admin','内网IP'),(14425,'2019-10-24 22:47:45','删除字典详情',NULL,'INFO','me.zhengjie.modules.system.rest.DictDetailController.delete()','{ id: 11 }','127.0.0.1',3615,'admin','内网IP'),(14426,'2019-10-24 22:47:53','查询字典详情',NULL,'INFO','me.zhengjie.modules.system.rest.DictDetailController.getDictDetails()','{ criteria: DictDetailQueryCriteria(label=null, dictName=dept_status) pageable: Page request [number: 0, size 10, sort: sort: ASC] }','127.0.0.1',3578,'admin','内网IP'),(14427,'2019-10-24 22:48:07','查询字典详情',NULL,'INFO','me.zhengjie.modules.system.rest.DictDetailController.getDictDetails()','{ criteria: DictDetailQueryCriteria(label=null, dictName=job_status) pageable: Page request [number: 0, size 2000, sort: sort: ASC] }','127.0.0.1',3558,'admin','内网IP'),(14428,'2019-10-24 22:48:07','查询岗位',NULL,'INFO','me.zhengjie.modules.system.rest.JobController.getJobs()','{ criteria: JobQueryCriteria(name=null, enabled=null, deptId=null, deptIds=[]) pageable: Page request [number: 0, size 10, sort: sort: ASC] }','127.0.0.1',3394,'admin','内网IP'),(14429,'2019-10-24 22:48:16','查询部门',NULL,'INFO','me.zhengjie.modules.system.rest.DeptController.getDepts()','{ criteria: DeptQueryCriteria(ids=[], name=null, enabled=true, pid=null) }','127.0.0.1',18,'admin','内网IP'),(14430,'2019-10-24 22:48:16','新增岗位',NULL,'INFO','me.zhengjie.modules.system.rest.JobController.create()','{ resources: Job(id=20, name=1111, sort=999, enabled=true, dept=Dept(id=1, name=null, enabled=null, pid=null, roles=null, createTime=null), createTime=2019-10-24 22:48:15.228) }','127.0.0.1',3584,'admin','内网IP'),(14431,'2019-10-24 22:48:19','查询岗位',NULL,'INFO','me.zhengjie.modules.system.rest.JobController.getJobs()','{ criteria: JobQueryCriteria(name=null, enabled=null, deptId=null, deptIds=[]) pageable: Page request [number: 0, size 10, sort: sort: ASC] }','127.0.0.1',1729,'admin','内网IP'),(14432,'2019-10-24 22:59:35','配置邮件',NULL,'INFO','me.zhengjie.rest.EmailController.emailConfig()','{ emailConfig: EmailConfig(id=1, host=smtp.mxhichina.com, port=25, user=eladmin, pass=0F619E861D2D73F906FF3C441B18C720, fromUser=eladmin@shenjiahuan.com) }','127.0.0.1',3675,'admin','内网IP'),(14433,'2019-10-24 22:59:53','发送邮件',NULL,'INFO','me.zhengjie.rest.EmailController.send()','{ emailVo: EmailVo(tos=[me@shenjiahuan.com], subject=test, content=<p>!!!</p>) }','127.0.0.1',4,'admin','内网IP'),(14434,'2019-10-24 23:00:48','配置邮件',NULL,'INFO','me.zhengjie.rest.EmailController.emailConfig()','{ emailConfig: EmailConfig(id=1, host=smtp.mxhichina.com, port=465, user=eladmin, pass=0F619E861D2D73F906FF3C441B18C720, fromUser=eladmin@shenjiahuan.com) }','127.0.0.1',3782,'admin','内网IP'),(14435,'2019-10-24 23:03:10','配置邮件',NULL,'INFO','me.zhengjie.rest.EmailController.emailConfig()','{ emailConfig: EmailConfig(id=1, host=smtp.mxhichina.com, port=465, user=eladmin, pass=0F619E861D2D73F906FF3C441B18C720, fromUser=eladmin@shenjiahuan.com) }','127.0.0.1',5050,'admin','内网IP'),(14436,'2019-10-24 23:04:18','配置邮件',NULL,'INFO','me.zhengjie.rest.EmailController.emailConfig()','{ emailConfig: EmailConfig(id=1, host=smtp.mxhichina.com, port=465, user=eladmin, pass=0F619E861D2D73F906FF3C441B18C720, fromUser=eladmin@shenjiahuan.com) }','127.0.0.1',3557,'admin','内网IP'),(14437,'2019-10-24 23:04:37','发送邮件',NULL,'INFO','me.zhengjie.rest.EmailController.send()','{ emailVo: EmailVo(tos=[me@shenjiahuan.com], subject=111, content=<p>111</p>) }','127.0.0.1',5,'admin','内网IP'),(14438,'2019-10-24 23:05:13','配置邮件',NULL,'INFO','me.zhengjie.rest.EmailController.emailConfig()','{ emailConfig: EmailConfig(id=1, host=smtp.mxhichina.com, port=465, user=eladmin, pass=0F619E861D2D73F906FF3C441B18C720, fromUser=eladmin@shenjiahuan.com) }','127.0.0.1',426,'admin','内网IP'),(14439,'2019-10-24 23:05:20','配置邮件',NULL,'INFO','me.zhengjie.rest.EmailController.emailConfig()','{ emailConfig: EmailConfig(id=1, host=smtp.mxhichina.com, port=465, user=eladmin, pass=0F619E861D2D73F906FF3C441B18C720, fromUser=eladmin@shenjiahuan.com) }','127.0.0.1',3340,'admin','内网IP');
/*!40000 ALTER TABLE `log` ENABLE KEYS */;
UNLOCK TABLES;

--
-- Table structure for table `menu`
--

DROP TABLE IF EXISTS `menu`;
/*!40101 SET @saved_cs_client     = @@character_set_client */;
/*!40101 SET character_set_client = utf8 */;
CREATE TABLE `menu` (
  `id` bigint(20) NOT NULL AUTO_INCREMENT COMMENT 'ID',
  `create_time` datetime DEFAULT NULL COMMENT '创建日期',
  `i_frame` bit(1) DEFAULT NULL COMMENT '是否外链',
  `name` varchar(255) DEFAULT NULL COMMENT '菜单名称',
  `component` varchar(255) DEFAULT NULL COMMENT '组件',
  `pid` bigint(20) NOT NULL COMMENT '上级菜单ID',
  `sort` bigint(20) NOT NULL COMMENT '排序',
  `icon` varchar(255) DEFAULT NULL COMMENT '图标',
  `path` varchar(255) DEFAULT NULL COMMENT '链接地址',
  `cache` bit(1) DEFAULT b'0',
  `hidden` bit(1) DEFAULT b'0',
  `component_name` varchar(20) DEFAULT '-',
  PRIMARY KEY (`id`) USING BTREE,
  KEY `FKqcf9gem97gqa5qjm4d3elcqt5` (`pid`) USING BTREE
) ENGINE=InnoDB AUTO_INCREMENT=41 DEFAULT CHARSET=utf8 ROW_FORMAT=COMPACT;
/*!40101 SET character_set_client = @saved_cs_client */;

--
-- Dumping data for table `menu`
--

LOCK TABLES `menu` WRITE;
/*!40000 ALTER TABLE `menu` DISABLE KEYS */;
-- insert into `menu` VALUES (1,'2018-12-18 15:11:29',_binary '\0','系统管理',NULL,0,1,'system','system',_binary '\0',_binary '\0',NULL),(2,'2018-12-18 15:14:44',_binary '\0','用户管理','system/user/index',1,7,'peoples','user',_binary '',_binary '\0','User'),(3,'2018-12-18 15:16:07',_binary '\0','角色管理','system/role/index',1,3,'role','role',_binary '\0',_binary '\0','Role'),(4,'2018-12-18 15:16:45',_binary '\0','权限管理','system/permission/index',1,4,'permission','permission',_binary '\0',_binary '\0','Permission'),(5,'2018-12-18 15:17:28',_binary '\0','菜单管理','system/menu/index',1,5,'menu','menu',_binary '\0',_binary '\0','Menu'),(6,'2018-12-18 15:17:48',_binary '\0','系统监控',NULL,0,10,'monitor','monitor',_binary '\0',_binary '\0',NULL),(7,'2018-12-18 15:18:26',_binary '\0','操作日志','monitor/log/index',6,11,'log','logs',_binary '',_binary '\0','Log'),(8,'2018-12-18 15:19:01',_binary '\0','系统缓存','monitor/redis/index',6,13,'redis','redis',_binary '\0',_binary '\0','Redis'),(9,'2018-12-18 15:19:34',_binary '\0','SQL监控','monitor/sql/index',6,14,'sqlMonitor','druid',_binary '\0',_binary '\0','Sql'),(10,'2018-12-19 13:38:16',_binary '\0','组件管理',NULL,0,50,'zujian','components',_binary '\0',_binary '\0',NULL),(11,'2018-12-19 13:38:49',_binary '\0','图标库','components/IconSelect',10,51,'icon','icon',_binary '\0',_binary '\0','Icons'),(14,'2018-12-27 10:13:09',_binary '\0','邮件工具','tools/email/index',36,24,'email','email',_binary '\0',_binary '\0','Email'),(15,'2018-12-27 11:58:25',_binary '\0','富文本','components/Editor',10,52,'fwb','tinymce',_binary '\0',_binary '\0','Editor'),(16,'2018-12-28 09:36:53',_binary '\0','图床管理','tools/picture/index',36,25,'image','pictures',_binary '\0',_binary '\0','Pictures'),(17,'2018-12-28 15:09:49',_binary '','项目地址','',0,0,'github','https://github.com/elunez/eladmin',_binary '\0',_binary '\0',NULL),(18,'2018-12-31 11:12:15',_binary '\0','存储管理','tools/storage/index',36,23,'qiniu','storage',_binary '\0',_binary '\0','Storage'),(19,'2018-12-31 14:52:38',_binary '\0','支付宝工具','tools/aliPay/index',36,27,'alipay','aliPay',_binary '\0',_binary '\0','AliPay'),(21,'2019-01-04 16:22:03',_binary '\0','多级菜单','',0,900,'menu','nested',_binary '\0',_binary '\0',NULL),(22,'2019-01-04 16:23:29',_binary '\0','二级菜单1','nested/menu1/index',21,999,'menu','menu1',_binary '\0',_binary '\0',NULL),(23,'2019-01-04 16:23:57',_binary '\0','二级菜单2','nested/menu2/index',21,999,'menu','menu2',_binary '\0',_binary '\0',NULL),(24,'2019-01-04 16:24:48',_binary '\0','三级菜单1','nested/menu1/menu1-1',22,999,'menu','menu1-1',_binary '\0',_binary '\0',NULL),(27,'2019-01-07 17:27:32',_binary '\0','三级菜单2','nested/menu1/menu1-2',22,999,'menu','menu1-2',_binary '\0',_binary '\0',NULL),(28,'2019-01-07 20:34:40',_binary '\0','定时任务','system/timing/index',36,21,'timing','timing',_binary '\0',_binary '\0','Timing'),(30,'2019-01-11 15:45:55',_binary '\0','代码生成','generator/index',36,22,'dev','generator',_binary '\0',_binary '\0','GeneratorIndex'),(32,'2019-01-13 13:49:03',_binary '\0','异常日志','monitor/log/errorLog',6,12,'error','errorLog',_binary '\0',_binary '\0','ErrorLog'),(34,'2019-03-08 15:49:40',_binary '\0','Yaml编辑器','components/YamlEdit',10,54,'dev','yaml',_binary '\0',_binary '\0','YamlEdit'),(35,'2019-03-25 09:46:00',_binary '\0','部门管理','system/dept/index',1,6,'dept','dept',_binary '\0',_binary '\0','Dept'),(36,'2019-03-29 10:57:35',_binary '\0','系统工具','',0,20,'sys-tools','sys-tools',_binary '\0',_binary '\0',NULL),(37,'2019-03-29 13:51:18',_binary '\0','岗位管理','system/job/index',1,7,'Steve-Jobs','job',_binary '\0',_binary '\0','Job'),(38,'2019-03-29 19:57:53',_binary '\0','接口文档','tools/swagger/index',36,26,'swagger','swagger2',_binary '\0',_binary '\0','Swagger'),(39,'2019-04-10 11:49:04',_binary '\0','字典管理','system/dict/index',1,8,'dictionary','dict',_binary '\0',_binary '\0','Dict'),(40,'2019-10-24 22:02:22',_binary '\0','111','',0,999,'Steve-Jobs','111',_binary '\0',_binary '\0','');
/*!40000 ALTER TABLE `menu` ENABLE KEYS */;
UNLOCK TABLES;

--
-- Table structure for table `permission`
--

DROP TABLE IF EXISTS `permission`;
/*!40101 SET @saved_cs_client     = @@character_set_client */;
/*!40101 SET character_set_client = utf8 */;
CREATE TABLE `permission` (
  `id` bigint(20) NOT NULL AUTO_INCREMENT COMMENT 'ID',
  `alias` varchar(255) DEFAULT NULL COMMENT '别名',
  `create_time` datetime DEFAULT NULL COMMENT '创建日期',
  `name` varchar(255) DEFAULT NULL COMMENT '名称',
  `pid` int(11) NOT NULL COMMENT '上级权限',
  PRIMARY KEY (`id`) USING BTREE
) ENGINE=InnoDB AUTO_INCREMENT=61 DEFAULT CHARSET=utf8 ROW_FORMAT=COMPACT;
/*!40101 SET character_set_client = @saved_cs_client */;

--
-- Dumping data for table `permission`
--

LOCK TABLES `permission` WRITE;
/*!40000 ALTER TABLE `permission` DISABLE KEYS */;
-- insert into `permission` VALUES (1,'超级管理员','2018-12-03 12:27:48','ADMIN',0),(2,'用户管理','2018-12-03 12:28:19','USER_ALL',0),(3,'用户查询','2018-12-03 12:31:35','USER_SELECT',2),(4,'用户创建','2018-12-03 12:31:35','USER_CREATE',2),(5,'用户编辑','2018-12-03 12:31:35','USER_EDIT',2),(7,'角色管理','2018-12-03 12:28:19','ROLES_ALL',0),(8,'角色查询','2018-12-03 12:31:35','ROLES_SELECT',7),(10,'角色创建','2018-12-09 20:10:16','ROLES_CREATE',7),(11,'角色编辑','2018-12-09 20:10:42','ROLES_EDIT',7),(12,'角色删除','2018-12-09 20:11:07','ROLES_DELETE',7),(13,'权限管理','2018-12-09 20:11:37','PERMISSION_ALL',0),(14,'权限查询','2018-12-09 20:11:55','PERMISSION_SELECT',13),(15,'权限创建','2018-12-09 20:14:10','PERMISSION_CREATE',13),(16,'权限编辑','2018-12-09 20:15:44','PERMISSION_EDIT',13),(17,'权限删除','2018-12-09 20:15:59','PERMISSION_DELETE',13),(18,'缓存管理','2018-12-17 13:53:25','REDIS_ALL',0),(20,'缓存查询','2018-12-17 13:54:07','REDIS_SELECT',18),(22,'缓存删除','2018-12-17 13:55:04','REDIS_DELETE',18),(23,'图床管理','2018-12-27 20:31:49','PICTURE_ALL',0),(24,'查询图片','2018-12-27 20:32:04','PICTURE_SELECT',23),(25,'上传图片','2018-12-27 20:32:24','PICTURE_UPLOAD',23),(26,'删除图片','2018-12-27 20:32:45','PICTURE_DELETE',23),(29,'菜单管理','2018-12-28 17:34:31','MENU_ALL',0),(30,'菜单查询','2018-12-28 17:34:41','MENU_SELECT',29),(31,'菜单创建','2018-12-28 17:34:52','MENU_CREATE',29),(32,'菜单编辑','2018-12-28 17:35:20','MENU_EDIT',29),(33,'菜单删除','2018-12-28 17:35:29','MENU_DELETE',29),(35,'定时任务管理','2019-01-08 14:59:57','JOB_ALL',0),(36,'任务查询','2019-01-08 15:00:09','JOB_SELECT',35),(37,'任务创建','2019-01-08 15:00:20','JOB_CREATE',35),(38,'任务编辑','2019-01-08 15:00:33','JOB_EDIT',35),(39,'任务删除','2019-01-08 15:01:13','JOB_DELETE',35),(40,'部门管理','2019-03-29 17:06:55','DEPT_ALL',0),(41,'部门查询','2019-03-29 17:07:09','DEPT_SELECT',40),(42,'部门创建','2019-03-29 17:07:29','DEPT_CREATE',40),(43,'部门编辑','2019-03-29 17:07:52','DEPT_EDIT',40),(44,'部门删除','2019-03-29 17:08:14','DEPT_DELETE',40),(45,'岗位管理','2019-03-29 17:08:52','USERJOB_ALL',0),(46,'岗位查询','2019-03-29 17:10:27','USERJOB_SELECT',45),(47,'岗位创建','2019-03-29 17:10:55','USERJOB_CREATE',45),(48,'岗位编辑','2019-03-29 17:11:08','USERJOB_EDIT',45),(49,'岗位删除','2019-03-29 17:11:19','USERJOB_DELETE',45),(50,'字典管理','2019-04-10 16:24:51','DICT_ALL',0),(51,'字典查询','2019-04-10 16:25:16','DICT_SELECT',50),(52,'字典创建','2019-04-10 16:25:29','DICT_CREATE',50),(53,'字典编辑','2019-04-10 16:27:19','DICT_EDIT',50),(54,'字典删除','2019-04-10 16:27:30','DICT_DELETE',50),(55,'文件管理','2019-09-08 12:31:54','LOCALSTORAGE_ALL',0),(56,'文件搜索','2019-09-08 12:40:53','LOCALSTORAGE_SELECT',55),(57,'文件上传','2019-09-08 12:41:05','LOCALSTORAGE_CREATE',55),(58,'文件编辑','2019-09-08 12:41:19','LOCALSTORAGE_EDIT',55),(59,'文件删除','2019-09-08 12:41:29','LOCALSTORAGE_DELETE',55),(60,'555','2019-10-24 22:00:40','???',13);
/*!40000 ALTER TABLE `permission` ENABLE KEYS */;
UNLOCK TABLES;

--
-- Table structure for table `picture`
--

DROP TABLE IF EXISTS `picture`;
/*!40101 SET @saved_cs_client     = @@character_set_client */;
/*!40101 SET character_set_client = utf8 */;
CREATE TABLE `picture` (
  `id` bigint(20) NOT NULL AUTO_INCREMENT COMMENT 'ID',
  `create_time` datetime DEFAULT NULL COMMENT '上传日期',
  `delete_url` varchar(255) DEFAULT NULL COMMENT '删除的URL',
  `filename` varchar(255) DEFAULT NULL COMMENT '图片名称',
  `height` varchar(255) DEFAULT NULL COMMENT '图片高度',
  `size` varchar(255) DEFAULT NULL COMMENT '图片大小',
  `url` varchar(255) DEFAULT NULL COMMENT '图片地址',
  `username` varchar(255) DEFAULT NULL COMMENT '用户名称',
  `width` varchar(255) DEFAULT NULL COMMENT '图片宽度',
  PRIMARY KEY (`id`) USING BTREE
) ENGINE=InnoDB AUTO_INCREMENT=2 DEFAULT CHARSET=utf8 ROW_FORMAT=COMPACT;
/*!40101 SET character_set_client = @saved_cs_client */;

--
-- Dumping data for table `picture`
--

LOCK TABLES `picture` WRITE;
/*!40000 ALTER TABLE `picture` DISABLE KEYS */;
-- insert into `picture` VALUES (1,'2019-10-24 22:24:30','https://sm.ms/delete/ljKtCq7OWI4BfThoSwNcJis1uF','backiee-71423-landscape.jpg','2160','201.92KB   ','https://i.loli.net/2019/10/24/EiguVptPHfdMozS.jpg','admin','3840');
/*!40000 ALTER TABLE `picture` ENABLE KEYS */;
UNLOCK TABLES;

--
-- Table structure for table `qiniu_config`
--

DROP TABLE IF EXISTS `qiniu_config`;
/*!40101 SET @saved_cs_client     = @@character_set_client */;
/*!40101 SET character_set_client = utf8 */;
CREATE TABLE `qiniu_config` (
  `id` bigint(20) NOT NULL AUTO_INCREMENT COMMENT 'ID',
  `access_key` text COMMENT 'accessKey',
  `bucket` varchar(255) DEFAULT NULL COMMENT 'Bucket 识别符',
  `host` varchar(255) NOT NULL COMMENT '外链域名',
  `secret_key` text COMMENT 'secretKey',
  `type` varchar(255) DEFAULT NULL COMMENT '空间类型',
  `zone` varchar(255) DEFAULT NULL COMMENT '机房',
  PRIMARY KEY (`id`) USING BTREE
) ENGINE=InnoDB AUTO_INCREMENT=2 DEFAULT CHARSET=utf8 ROW_FORMAT=COMPACT;
/*!40101 SET character_set_client = @saved_cs_client */;

--
-- Dumping data for table `qiniu_config`
--

LOCK TABLES `qiniu_config` WRITE;
/*!40000 ALTER TABLE `qiniu_config` DISABLE KEYS */;
/*!40000 ALTER TABLE `qiniu_config` ENABLE KEYS */;
UNLOCK TABLES;

--
-- Table structure for table `qiniu_content`
--

DROP TABLE IF EXISTS `qiniu_content`;
/*!40101 SET @saved_cs_client     = @@character_set_client */;
/*!40101 SET character_set_client = utf8 */;
CREATE TABLE `qiniu_content` (
  `id` bigint(20) NOT NULL AUTO_INCREMENT COMMENT 'ID',
  `bucket` varchar(255) DEFAULT NULL COMMENT 'Bucket 识别符',
  `name` varchar(255) DEFAULT NULL COMMENT '文件名称',
  `size` varchar(255) DEFAULT NULL COMMENT '文件大小',
  `type` varchar(255) DEFAULT NULL COMMENT '文件类型：私有或公开',
  `update_time` datetime DEFAULT NULL COMMENT '上传或同步的时间',
  `url` varchar(255) DEFAULT NULL COMMENT '文件url',
  `suffix` varchar(255) DEFAULT NULL,
  PRIMARY KEY (`id`) USING BTREE
) ENGINE=InnoDB AUTO_INCREMENT=24 DEFAULT CHARSET=utf8 ROW_FORMAT=COMPACT;
/*!40101 SET character_set_client = @saved_cs_client */;

--
-- Dumping data for table `qiniu_content`
--

LOCK TABLES `qiniu_content` WRITE;
/*!40000 ALTER TABLE `qiniu_content` DISABLE KEYS */;
/*!40000 ALTER TABLE `qiniu_content` ENABLE KEYS */;
UNLOCK TABLES;

--
-- Table structure for table `quartz_job`
--

DROP TABLE IF EXISTS `quartz_job`;
/*!40101 SET @saved_cs_client     = @@character_set_client */;
/*!40101 SET character_set_client = utf8 */;
CREATE TABLE `quartz_job` (
  `id` bigint(20) NOT NULL AUTO_INCREMENT COMMENT 'ID',
  `bean_name` varchar(255) DEFAULT NULL COMMENT 'Spring Bean名称',
  `cron_expression` varchar(255) DEFAULT NULL COMMENT 'cron 表达式',
  `is_pause` bit(1) DEFAULT NULL COMMENT '状态：1暂停、0启用',
  `job_name` varchar(255) DEFAULT NULL COMMENT '任务名称',
  `method_name` varchar(255) DEFAULT NULL COMMENT '方法名称',
  `params` varchar(255) DEFAULT NULL COMMENT '参数',
  `remark` varchar(255) DEFAULT NULL COMMENT '备注',
  `update_time` datetime DEFAULT NULL COMMENT '创建或更新日期',
  PRIMARY KEY (`id`) USING BTREE
) ENGINE=InnoDB AUTO_INCREMENT=5 DEFAULT CHARSET=utf8 ROW_FORMAT=COMPACT;
/*!40101 SET character_set_client = @saved_cs_client */;

--
-- Dumping data for table `quartz_job`
--

LOCK TABLES `quartz_job` WRITE;
/*!40000 ALTER TABLE `quartz_job` DISABLE KEYS */;
-- insert into `quartz_job` VALUES (1,'visitsTask','0 0 0 * * ?',_binary '\0','更新访客记录','run',NULL,'每日0点创建新的访客记录','2019-01-08 14:53:31'),(2,'testTask','0/5 * * * * ?',_binary '','测试1','run1','test','带参测试，多参使用json','2019-08-22 14:08:29'),(4,'1','0 0 0 * * ?',_binary '\0','1','1','','1','2019-10-24 22:08:53');
/*!40000 ALTER TABLE `quartz_job` ENABLE KEYS */;
UNLOCK TABLES;

--
-- Table structure for table `quartz_log`
--

DROP TABLE IF EXISTS `quartz_log`;
/*!40101 SET @saved_cs_client     = @@character_set_client */;
/*!40101 SET character_set_client = utf8 */;
CREATE TABLE `quartz_log` (
  `id` bigint(20) NOT NULL AUTO_INCREMENT,
  `baen_name` varchar(255) DEFAULT NULL,
  `create_time` datetime DEFAULT NULL,
  `cron_expression` varchar(255) DEFAULT NULL,
  `exception_detail` text,
  `is_success` bit(1) DEFAULT NULL,
  `job_name` varchar(255) DEFAULT NULL,
  `method_name` varchar(255) DEFAULT NULL,
  `params` varchar(255) DEFAULT NULL,
  `time` bigint(20) DEFAULT NULL,
  PRIMARY KEY (`id`) USING BTREE
) ENGINE=InnoDB AUTO_INCREMENT=58 DEFAULT CHARSET=utf8 ROW_FORMAT=COMPACT;
/*!40101 SET character_set_client = @saved_cs_client */;

--
-- Dumping data for table `quartz_log`
--

LOCK TABLES `quartz_log` WRITE;
/*!40000 ALTER TABLE `quartz_log` DISABLE KEYS */;
-- insert into `quartz_log` VALUES (51,'testTask','2019-10-24 22:07:19','0/5 * * * * ?',NULL,_binary '','测试','run','',5),(52,'testTask','2019-10-24 22:07:30','0/5 * * * * ?',NULL,_binary '','测试','run','',1),(53,'testTask','2019-10-24 22:07:35','0/5 * * * * ?',NULL,_binary '','测试','run','',1),(54,'testTask','2019-10-24 22:07:51','0/5 * * * * ?',NULL,_binary '','测试','run','',1),(55,'testTask','2019-10-24 22:07:55','0/5 * * * * ?',NULL,_binary '','测试','run','',1),(56,'testTask','2019-10-24 22:08:00','0/5 * * * * ?',NULL,_binary '','测试','run','',1),(57,'testTask','2019-10-24 22:08:05','0/5 * * * * ?',NULL,_binary '','测试','run','',1);
/*!40000 ALTER TABLE `quartz_log` ENABLE KEYS */;
UNLOCK TABLES;

--
-- Table structure for table `role`
--

DROP TABLE IF EXISTS `role`;
/*!40101 SET @saved_cs_client     = @@character_set_client */;
/*!40101 SET character_set_client = utf8 */;
CREATE TABLE `role` (
  `id` bigint(20) NOT NULL AUTO_INCREMENT COMMENT 'ID',
  `create_time` datetime DEFAULT NULL COMMENT '创建日期',
  `name` varchar(255) NOT NULL COMMENT '名称',
  `remark` varchar(255) DEFAULT NULL COMMENT '备注',
  `data_scope` varchar(255) DEFAULT NULL,
  `level` int(255) DEFAULT NULL,
  PRIMARY KEY (`id`) USING BTREE
) ENGINE=InnoDB AUTO_INCREMENT=6 DEFAULT CHARSET=utf8 ROW_FORMAT=COMPACT;
/*!40101 SET character_set_client = @saved_cs_client */;

--
-- Dumping data for table `role`
--

LOCK TABLES `role` WRITE;
/*!40000 ALTER TABLE `role` DISABLE KEYS */;
-- insert into `role` VALUES (1,'2018-11-23 11:04:37','超级管理员','·','全部',5),(2,'2018-11-23 13:09:06','普通用户','用于测试菜单与权限','自定义',3),(4,'2019-05-13 14:16:15','普通管理员','普通管理员级别为2，使用该角色新增用户时只能赋予比普通管理员级别低的角色','自定义',2);
/*!40000 ALTER TABLE `role` ENABLE KEYS */;
UNLOCK TABLES;

--
-- Table structure for table `roles_depts`
--

DROP TABLE IF EXISTS `roles_depts`;
/*!40101 SET @saved_cs_client     = @@character_set_client */;
/*!40101 SET character_set_client = utf8 */;
CREATE TABLE `roles_depts` (
  `role_id` bigint(20) NOT NULL,
  `dept_id` bigint(20) NOT NULL,
  PRIMARY KEY (`role_id`,`dept_id`) USING BTREE,
  KEY `FK7qg6itn5ajdoa9h9o78v9ksur` (`dept_id`) USING BTREE,
  CONSTRAINT `FK7qg6itn5ajdoa9h9o78v9ksur` FOREIGN KEY (`dept_id`) REFERENCES `dept` (`id`),
  CONSTRAINT `FKrg1ci4cxxfbja0sb0pddju7k` FOREIGN KEY (`role_id`) REFERENCES `role` (`id`)
) ENGINE=InnoDB DEFAULT CHARSET=utf8 ROW_FORMAT=COMPACT;
/*!40101 SET character_set_client = @saved_cs_client */;

--
-- Dumping data for table `roles_depts`
--

LOCK TABLES `roles_depts` WRITE;
/*!40000 ALTER TABLE `roles_depts` DISABLE KEYS */;
-- insert into `roles_depts` VALUES (2,5),(4,5),(2,8),(2,9),(4,10),(4,11);
/*!40000 ALTER TABLE `roles_depts` ENABLE KEYS */;
UNLOCK TABLES;

--
-- Table structure for table `roles_menus`
--

DROP TABLE IF EXISTS `roles_menus`;
/*!40101 SET @saved_cs_client     = @@character_set_client */;
/*!40101 SET character_set_client = utf8 */;
CREATE TABLE `roles_menus` (
  `menu_id` bigint(20) NOT NULL COMMENT '菜单ID',
  `role_id` bigint(20) NOT NULL COMMENT '角色ID',
  PRIMARY KEY (`menu_id`,`role_id`) USING BTREE,
  KEY `FKcngg2qadojhi3a651a5adkvbq` (`role_id`) USING BTREE,
  CONSTRAINT `FKo7wsmlrrxb2osfaoavp46rv2r` FOREIGN KEY (`menu_id`) REFERENCES `menu` (`id`),
  CONSTRAINT `FKtag324maketmxffly3pdyh193` FOREIGN KEY (`role_id`) REFERENCES `role` (`id`)
) ENGINE=InnoDB DEFAULT CHARSET=utf8 ROW_FORMAT=COMPACT;
/*!40101 SET character_set_client = @saved_cs_client */;

--
-- Dumping data for table `roles_menus`
--

LOCK TABLES `roles_menus` WRITE;
/*!40000 ALTER TABLE `roles_menus` DISABLE KEYS */;
-- insert into `roles_menus` VALUES (1,1),(2,1),(3,1),(4,1),(5,1),(6,1),(7,1),(8,1),(9,1),(10,1),(11,1),(14,1),(15,1),(16,1),(17,1),(18,1),(19,1),(21,1),(22,1),(23,1),(24,1),(27,1),(28,1),(30,1),(32,1),(34,1),(35,1),(36,1),(37,1),(38,1),(39,1),(1,2),(2,2),(3,2),(4,2),(5,2),(6,2),(8,2),(9,2),(10,2),(11,2),(14,2),(15,2),(16,2),(17,2),(18,2),(19,2),(21,2),(22,2),(23,2),(24,2),(27,2),(28,2),(30,2),(34,2),(35,2),(36,2),(37,2),(38,2),(39,2),(40,2),(1,4),(2,4);
/*!40000 ALTER TABLE `roles_menus` ENABLE KEYS */;
UNLOCK TABLES;

--
-- Table structure for table `roles_permissions`
--

DROP TABLE IF EXISTS `roles_permissions`;
/*!40101 SET @saved_cs_client     = @@character_set_client */;
/*!40101 SET character_set_client = utf8 */;
CREATE TABLE `roles_permissions` (
  `role_id` bigint(20) NOT NULL COMMENT '角色ID',
  `permission_id` bigint(20) NOT NULL COMMENT '权限ID',
  PRIMARY KEY (`role_id`,`permission_id`) USING BTREE,
  KEY `FKboeuhl31go7wer3bpy6so7exi` (`permission_id`) USING BTREE,
  CONSTRAINT `FK4hrolwj4ned5i7qe8kyiaak6m` FOREIGN KEY (`role_id`) REFERENCES `role` (`id`),
  CONSTRAINT `FKboeuhl31go7wer3bpy6so7exi` FOREIGN KEY (`permission_id`) REFERENCES `permission` (`id`)
) ENGINE=InnoDB DEFAULT CHARSET=utf8 ROW_FORMAT=COMPACT;
/*!40101 SET character_set_client = @saved_cs_client */;

--
-- Dumping data for table `roles_permissions`
--

LOCK TABLES `roles_permissions` WRITE;
/*!40000 ALTER TABLE `roles_permissions` DISABLE KEYS */;
-- insert into `roles_permissions` VALUES (1,1),(2,3),(4,3),(4,4),(4,5),(2,8),(2,14),(2,20),(2,23),(2,24),(2,25),(2,26),(2,30),(2,36),(2,41),(2,46),(2,51);
/*!40000 ALTER TABLE `roles_permissions` ENABLE KEYS */;
UNLOCK TABLES;

--
-- Table structure for table `user`
--

DROP TABLE IF EXISTS `user`;
/*!40101 SET @saved_cs_client     = @@character_set_client */;
/*!40101 SET character_set_client = utf8 */;
CREATE TABLE `user` (
  `id` bigint(20) NOT NULL AUTO_INCREMENT COMMENT 'ID',
  `avatar_id` bigint(20) DEFAULT NULL COMMENT '头像',
  `create_time` datetime DEFAULT NULL COMMENT '创建日期',
  `email` varchar(255) DEFAULT NULL COMMENT '邮箱',
  `enabled` bigint(20) DEFAULT NULL COMMENT '状态：1启用、0禁用',
  `password` varchar(255) DEFAULT NULL COMMENT '密码',
  `username` varchar(255) DEFAULT NULL COMMENT '用户名',
  `last_password_reset_time` datetime DEFAULT NULL COMMENT '最后修改密码的日期',
  `dept_id` bigint(20) DEFAULT NULL,
  `phone` varchar(255) DEFAULT NULL,
  `job_id` bigint(20) DEFAULT NULL,
  PRIMARY KEY (`id`) USING BTREE,
  UNIQUE KEY `UK_kpubos9gc2cvtkb0thktkbkes` (`email`) USING BTREE,
  UNIQUE KEY `username` (`username`) USING BTREE,
  KEY `FK5rwmryny6jthaaxkogownknqp` (`dept_id`) USING BTREE,
  KEY `FKfftoc2abhot8f2wu6cl9a5iky` (`job_id`) USING BTREE,
  KEY `FKpq2dhypk2qgt68nauh2by22jb` (`avatar_id`) USING BTREE,
  CONSTRAINT `FK5rwmryny6jthaaxkogownknqp` FOREIGN KEY (`dept_id`) REFERENCES `dept` (`id`),
  CONSTRAINT `FKfftoc2abhot8f2wu6cl9a5iky` FOREIGN KEY (`job_id`) REFERENCES `job` (`id`),
  CONSTRAINT `FKpq2dhypk2qgt68nauh2by22jb` FOREIGN KEY (`avatar_id`) REFERENCES `user_avatar` (`id`)
) ENGINE=InnoDB AUTO_INCREMENT=7 DEFAULT CHARSET=utf8 ROW_FORMAT=COMPACT;
/*!40101 SET character_set_client = @saved_cs_client */;

--
-- Dumping data for table `user`
--

LOCK TABLES `user` WRITE;
/*!40000 ALTER TABLE `user` DISABLE KEYS */;
-- insert into `user` VALUES (1,NULL,'2018-08-23 09:11:56','admin@eladmin.net',1,'1bbd886460827015e5d605ed44252251','admin','2019-10-24 22:16:26',2,'18888888888',11),(5,NULL,'2019-04-02 10:07:12','hr@eladmin.net',1,'e10adc3949ba59abbe56e057f20f883e','hr',NULL,11,'15555555555',8),(6,NULL,'2019-10-24 21:54:46','test@test.com',1,'e10adc3949ba59abbe56e057f20f883e','111',NULL,1,'13000000000',2);
/*!40000 ALTER TABLE `user` ENABLE KEYS */;
UNLOCK TABLES;

--
-- Table structure for table `user_avatar`
--

DROP TABLE IF EXISTS `user_avatar`;
/*!40101 SET @saved_cs_client     = @@character_set_client */;
/*!40101 SET character_set_client = utf8 */;
CREATE TABLE `user_avatar` (
  `id` bigint(20) NOT NULL AUTO_INCREMENT,
  `real_name` varchar(255) DEFAULT NULL,
  `path` varchar(255) DEFAULT NULL,
  `size` varchar(255) DEFAULT NULL,
  PRIMARY KEY (`id`) USING BTREE
) ENGINE=InnoDB AUTO_INCREMENT=2 DEFAULT CHARSET=utf8 ROW_FORMAT=COMPACT;
/*!40101 SET character_set_client = @saved_cs_client */;

--
-- Dumping data for table `user_avatar`
--

LOCK TABLES `user_avatar` WRITE;
/*!40000 ALTER TABLE `user_avatar` DISABLE KEYS */;
/*!40000 ALTER TABLE `user_avatar` ENABLE KEYS */;
UNLOCK TABLES;

--
-- Table structure for table `users_roles`
--

DROP TABLE IF EXISTS `users_roles`;
/*!40101 SET @saved_cs_client     = @@character_set_client */;
/*!40101 SET character_set_client = utf8 */;
CREATE TABLE `users_roles` (
  `user_id` bigint(20) NOT NULL COMMENT '用户ID',
  `role_id` bigint(20) NOT NULL COMMENT '角色ID',
  PRIMARY KEY (`user_id`,`role_id`) USING BTREE,
  KEY `FKq4eq273l04bpu4efj0jd0jb98` (`role_id`) USING BTREE,
  CONSTRAINT `FKgd3iendaoyh04b95ykqise6qh` FOREIGN KEY (`user_id`) REFERENCES `user` (`id`),
  CONSTRAINT `FKt4v0rrweyk393bdgt107vdx0x` FOREIGN KEY (`role_id`) REFERENCES `role` (`id`)
) ENGINE=InnoDB DEFAULT CHARSET=utf8 ROW_FORMAT=COMPACT;
/*!40101 SET character_set_client = @saved_cs_client */;

--
-- Dumping data for table `users_roles`
--

LOCK TABLES `users_roles` WRITE;
/*!40000 ALTER TABLE `users_roles` DISABLE KEYS */;
-- insert into `users_roles` VALUES (1,1),(6,1),(6,2),(5,4),(6,4);
/*!40000 ALTER TABLE `users_roles` ENABLE KEYS */;
UNLOCK TABLES;

--
-- Table structure for table `verification_code`
--

DROP TABLE IF EXISTS `verification_code`;
/*!40101 SET @saved_cs_client     = @@character_set_client */;
/*!40101 SET character_set_client = utf8 */;
CREATE TABLE `verification_code` (
  `id` bigint(20) NOT NULL AUTO_INCREMENT COMMENT 'ID',
  `code` varchar(255) DEFAULT NULL COMMENT '验证码',
  `create_time` datetime DEFAULT NULL COMMENT '创建日期',
  `status` bit(1) DEFAULT NULL COMMENT '状态：1有效、0过期',
  `type` varchar(255) DEFAULT NULL COMMENT '验证码类型：email或者短信',
  `value` varchar(255) DEFAULT NULL COMMENT '接收邮箱或者手机号码',
  `scenes` varchar(255) DEFAULT NULL COMMENT '业务名称：如重置邮箱、重置密码等',
  PRIMARY KEY (`id`) USING BTREE
) ENGINE=InnoDB AUTO_INCREMENT=3 DEFAULT CHARSET=utf8 ROW_FORMAT=COMPACT;
/*!40101 SET character_set_client = @saved_cs_client */;

--
-- Dumping data for table `verification_code`
--

LOCK TABLES `verification_code` WRITE;
/*!40000 ALTER TABLE `verification_code` DISABLE KEYS */;
-- insert into `verification_code` VALUES (1,'992508','2019-10-24 22:20:28',_binary '','email','11111@111.com','重置邮箱'),(2,'647424','2019-10-24 22:20:48',_binary '','email','me@shenjiahuan.com','重置邮箱');
/*!40000 ALTER TABLE `verification_code` ENABLE KEYS */;
UNLOCK TABLES;

--
-- Table structure for table `visits`
--

DROP TABLE IF EXISTS `visits`;
/*!40101 SET @saved_cs_client     = @@character_set_client */;
/*!40101 SET character_set_client = utf8 */;
CREATE TABLE `visits` (
  `id` bigint(20) NOT NULL AUTO_INCREMENT,
  `create_time` datetime DEFAULT NULL,
  `date` varchar(255) DEFAULT NULL,
  `ip_counts` bigint(20) DEFAULT NULL,
  `pv_counts` bigint(20) DEFAULT NULL,
  `week_day` varchar(255) DEFAULT NULL,
  PRIMARY KEY (`id`) USING BTREE,
  UNIQUE KEY `UK_11aksgq87euk9bcyeesfs4vtp` (`date`) USING BTREE
) ENGINE=InnoDB AUTO_INCREMENT=97 DEFAULT CHARSET=utf8 ROW_FORMAT=COMPACT;
/*!40101 SET character_set_client = @saved_cs_client */;

--
-- Dumping data for table `visits`
--

LOCK TABLES `visits` WRITE;
/*!40000 ALTER TABLE `visits` DISABLE KEYS */;
-- insert into `visits` VALUES (96,'2019-10-24 21:57:36','2019-10-24',1,2,'Thu');
/*!40000 ALTER TABLE `visits` ENABLE KEYS */;
UNLOCK TABLES;
/*!40103 SET TIME_ZONE=@OLD_TIME_ZONE */;

/*!40101 SET SQL_MODE=@OLD_SQL_MODE */;
/*!40014 SET FOREIGN_KEY_CHECKS=@OLD_FOREIGN_KEY_CHECKS */;
/*!40014 SET UNIQUE_CHECKS=@OLD_UNIQUE_CHECKS */;
/*!40101 SET CHARACTER_SET_CLIENT=@OLD_CHARACTER_SET_CLIENT */;
/*!40101 SET CHARACTER_SET_RESULTS=@OLD_CHARACTER_SET_RESULTS */;
/*!40101 SET COLLATION_CONNECTION=@OLD_COLLATION_CONNECTION */;
/*!40111 SET SQL_NOTES=@OLD_SQL_NOTES */;

-- Dump completed on 2019-10-25  1:36:05
